,eps,minSpt,NMI
0,35.0,1.0,0.3547231022690439
1,35.12820512820513,1.0,0.35597142634712525
2,35.256410256410255,1.0,0.3565453767792104
3,35.38461538461539,1.0,0.3565453767792104
4,35.51282051282051,1.0,0.35670822314994316
5,35.64102564102564,1.0,0.3575789585383908
6,35.76923076923077,1.0,0.3575789585383908
7,35.8974358974359,1.0,0.35815810870035725
8,36.02564102564102,1.0,0.3586539813630403
9,36.15384615384615,1.0,0.3590826590011949
10,36.282051282051285,1.0,0.35959312800663157
11,36.41025641025641,1.0,0.35980405755505157
12,36.53846153846154,1.0,0.3601755616768691
13,36.666666666666664,1.0,0.36136507966730913
14,36.794871794871796,1.0,0.36162428494639787
15,36.92307692307692,1.0,0.36225218328159264
16,37.05128205128205,1.0,0.36354501856727384
17,37.17948717948718,1.0,0.3638766218401523
18,37.30769230769231,1.0,0.3640177380890619
19,37.43589743589744,1.0,0.3656711716667903
20,37.56410256410256,1.0,0.36776381608998837
21,37.69230769230769,1.0,0.36797950624951337
22,37.82051282051282,1.0,0.3684116464618977
23,37.94871794871795,1.0,0.3685007864006608
24,38.07692307692308,1.0,0.36954809977732545
25,38.205128205128204,1.0,0.36954809977732545
26,38.333333333333336,1.0,0.36954809977732545
27,38.46153846153846,1.0,0.3698567219748567
28,38.58974358974359,1.0,0.3706832425268222
29,38.717948717948715,1.0,0.3706832425268222
30,38.84615384615385,1.0,0.3706832425268222
31,38.97435897435897,1.0,0.37118100611438365
32,39.1025641025641,1.0,0.37531685130422815
33,39.230769230769226,1.0,0.37586061161036916
34,39.35897435897436,1.0,0.37631147188569686
35,39.48717948717949,1.0,0.3781543834410478
36,39.61538461538461,1.0,0.3782837616910936
37,39.743589743589745,1.0,0.3785119718752413
38,39.87179487179487,1.0,0.3789603137568419
39,40.0,1.0,0.38004337898445684
40,35.0,1.2307692307692308,0.349663549783697
41,35.12820512820513,1.2307692307692308,0.3510419914738279
42,35.256410256410255,1.2307692307692308,0.35162987504447524
43,35.38461538461539,1.2307692307692308,0.35162987504447524
44,35.51282051282051,1.2307692307692308,0.3516806429776197
45,35.64102564102564,1.2307692307692308,0.35257160972914786
46,35.76923076923077,1.2307692307692308,0.35257160972914786
47,35.8974358974359,1.2307692307692308,0.35316430731423
48,36.02564102564102,1.2307692307692308,0.35367183715342687
49,36.15384615384615,1.2307692307692308,0.3542236849430237
50,36.282051282051285,1.2307692307692308,0.35452696885944673
51,36.41025641025641,1.2307692307692308,0.35498217507124247
52,36.53846153846154,1.2307692307692308,0.3555181417229943
53,36.666666666666664,1.2307692307692308,0.35662362480896814
54,36.794871794871796,1.2307692307692308,0.35688738544133636
55,36.92307692307692,1.2307692307692308,0.3573347199723584
56,37.05128205128205,1.2307692307692308,0.358562610851231
57,37.17948717948718,1.2307692307692308,0.3588990471957285
58,37.30769230769231,1.2307692307692308,0.3589654645200422
59,37.43589743589744,1.2307692307692308,0.36082623114914897
60,37.56410256410256,1.2307692307692308,0.36303950509300376
61,37.69230769230769,1.2307692307692308,0.36325768068560865
62,37.82051282051282,1.2307692307692308,0.36369481951850485
63,37.94871794871795,1.2307692307692308,0.36366225444827355
64,38.07692307692308,1.2307692307692308,0.36489338899365065
65,38.205128205128204,1.2307692307692308,0.36489338899365065
66,38.333333333333336,1.2307692307692308,0.36489338899365065
67,38.46153846153846,1.2307692307692308,0.3652049147111872
68,38.58974358974359,1.2307692307692308,0.3660392682385001
69,38.717948717948715,1.2307692307692308,0.3660392682385001
70,38.84615384615385,1.2307692307692308,0.3660392682385001
71,38.97435897435897,1.2307692307692308,0.36654178925184117
72,39.1025641025641,1.2307692307692308,0.3706127802074154
73,39.230769230769226,1.2307692307692308,0.3715153581379306
74,39.35897435897436,1.2307692307692308,0.3719692609401451
75,39.48717948717949,1.2307692307692308,0.37382481846037463
76,39.61538461538461,1.2307692307692308,0.37391520357984076
77,39.743589743589745,1.2307692307692308,0.3741447977434141
78,39.87179487179487,1.2307692307692308,0.3748030687705739
79,40.0,1.2307692307692308,0.3758916901441437
80,35.0,1.4615384615384617,0.349663549783697
81,35.12820512820513,1.4615384615384617,0.3510419914738279
82,35.256410256410255,1.4615384615384617,0.35162987504447524
83,35.38461538461539,1.4615384615384617,0.35162987504447524
84,35.51282051282051,1.4615384615384617,0.3516806429776197
85,35.64102564102564,1.4615384615384617,0.35257160972914786
86,35.76923076923077,1.4615384615384617,0.35257160972914786
87,35.8974358974359,1.4615384615384617,0.35316430731423
88,36.02564102564102,1.4615384615384617,0.35367183715342687
89,36.15384615384615,1.4615384615384617,0.3542236849430237
90,36.282051282051285,1.4615384615384617,0.35452696885944673
91,36.41025641025641,1.4615384615384617,0.35498217507124247
92,36.53846153846154,1.4615384615384617,0.3555181417229943
93,36.666666666666664,1.4615384615384617,0.35662362480896814
94,36.794871794871796,1.4615384615384617,0.35688738544133636
95,36.92307692307692,1.4615384615384617,0.3573347199723584
96,37.05128205128205,1.4615384615384617,0.358562610851231
97,37.17948717948718,1.4615384615384617,0.3588990471957285
98,37.30769230769231,1.4615384615384617,0.3589654645200422
99,37.43589743589744,1.4615384615384617,0.36082623114914897
100,37.56410256410256,1.4615384615384617,0.36303950509300376
101,37.69230769230769,1.4615384615384617,0.36325768068560865
102,37.82051282051282,1.4615384615384617,0.36369481951850485
103,37.94871794871795,1.4615384615384617,0.36366225444827355
104,38.07692307692308,1.4615384615384617,0.36489338899365065
105,38.205128205128204,1.4615384615384617,0.36489338899365065
106,38.333333333333336,1.4615384615384617,0.36489338899365065
107,38.46153846153846,1.4615384615384617,0.3652049147111872
108,38.58974358974359,1.4615384615384617,0.3660392682385001
109,38.717948717948715,1.4615384615384617,0.3660392682385001
110,38.84615384615385,1.4615384615384617,0.3660392682385001
111,38.97435897435897,1.4615384615384617,0.36654178925184117
112,39.1025641025641,1.4615384615384617,0.3706127802074154
113,39.230769230769226,1.4615384615384617,0.3715153581379306
114,39.35897435897436,1.4615384615384617,0.3719692609401451
115,39.48717948717949,1.4615384615384617,0.37382481846037463
116,39.61538461538461,1.4615384615384617,0.37391520357984076
117,39.743589743589745,1.4615384615384617,0.3741447977434141
118,39.87179487179487,1.4615384615384617,0.3748030687705739
119,40.0,1.4615384615384617,0.3758916901441437
120,35.0,1.6923076923076923,0.349663549783697
121,35.12820512820513,1.6923076923076923,0.3510419914738279
122,35.256410256410255,1.6923076923076923,0.35162987504447524
123,35.38461538461539,1.6923076923076923,0.35162987504447524
124,35.51282051282051,1.6923076923076923,0.3516806429776197
125,35.64102564102564,1.6923076923076923,0.35257160972914786
126,35.76923076923077,1.6923076923076923,0.35257160972914786
127,35.8974358974359,1.6923076923076923,0.35316430731423
128,36.02564102564102,1.6923076923076923,0.35367183715342687
129,36.15384615384615,1.6923076923076923,0.3542236849430237
130,36.282051282051285,1.6923076923076923,0.35452696885944673
131,36.41025641025641,1.6923076923076923,0.35498217507124247
132,36.53846153846154,1.6923076923076923,0.3555181417229943
133,36.666666666666664,1.6923076923076923,0.35662362480896814
134,36.794871794871796,1.6923076923076923,0.35688738544133636
135,36.92307692307692,1.6923076923076923,0.3573347199723584
136,37.05128205128205,1.6923076923076923,0.358562610851231
137,37.17948717948718,1.6923076923076923,0.3588990471957285
138,37.30769230769231,1.6923076923076923,0.3589654645200422
139,37.43589743589744,1.6923076923076923,0.36082623114914897
140,37.56410256410256,1.6923076923076923,0.36303950509300376
141,37.69230769230769,1.6923076923076923,0.36325768068560865
142,37.82051282051282,1.6923076923076923,0.36369481951850485
143,37.94871794871795,1.6923076923076923,0.36366225444827355
144,38.07692307692308,1.6923076923076923,0.36489338899365065
145,38.205128205128204,1.6923076923076923,0.36489338899365065
146,38.333333333333336,1.6923076923076923,0.36489338899365065
147,38.46153846153846,1.6923076923076923,0.3652049147111872
148,38.58974358974359,1.6923076923076923,0.3660392682385001
149,38.717948717948715,1.6923076923076923,0.3660392682385001
150,38.84615384615385,1.6923076923076923,0.3660392682385001
151,38.97435897435897,1.6923076923076923,0.36654178925184117
152,39.1025641025641,1.6923076923076923,0.3706127802074154
153,39.230769230769226,1.6923076923076923,0.3715153581379306
154,39.35897435897436,1.6923076923076923,0.3719692609401451
155,39.48717948717949,1.6923076923076923,0.37382481846037463
156,39.61538461538461,1.6923076923076923,0.37391520357984076
157,39.743589743589745,1.6923076923076923,0.3741447977434141
158,39.87179487179487,1.6923076923076923,0.3748030687705739
159,40.0,1.6923076923076923,0.3758916901441437
160,35.0,1.9230769230769231,0.349663549783697
161,35.12820512820513,1.9230769230769231,0.3510419914738279
162,35.256410256410255,1.9230769230769231,0.35162987504447524
163,35.38461538461539,1.9230769230769231,0.35162987504447524
164,35.51282051282051,1.9230769230769231,0.3516806429776197
165,35.64102564102564,1.9230769230769231,0.35257160972914786
166,35.76923076923077,1.9230769230769231,0.35257160972914786
167,35.8974358974359,1.9230769230769231,0.35316430731423
168,36.02564102564102,1.9230769230769231,0.35367183715342687
169,36.15384615384615,1.9230769230769231,0.3542236849430237
170,36.282051282051285,1.9230769230769231,0.35452696885944673
171,36.41025641025641,1.9230769230769231,0.35498217507124247
172,36.53846153846154,1.9230769230769231,0.3555181417229943
173,36.666666666666664,1.9230769230769231,0.35662362480896814
174,36.794871794871796,1.9230769230769231,0.35688738544133636
175,36.92307692307692,1.9230769230769231,0.3573347199723584
176,37.05128205128205,1.9230769230769231,0.358562610851231
177,37.17948717948718,1.9230769230769231,0.3588990471957285
178,37.30769230769231,1.9230769230769231,0.3589654645200422
179,37.43589743589744,1.9230769230769231,0.36082623114914897
180,37.56410256410256,1.9230769230769231,0.36303950509300376
181,37.69230769230769,1.9230769230769231,0.36325768068560865
182,37.82051282051282,1.9230769230769231,0.36369481951850485
183,37.94871794871795,1.9230769230769231,0.36366225444827355
184,38.07692307692308,1.9230769230769231,0.36489338899365065
185,38.205128205128204,1.9230769230769231,0.36489338899365065
186,38.333333333333336,1.9230769230769231,0.36489338899365065
187,38.46153846153846,1.9230769230769231,0.3652049147111872
188,38.58974358974359,1.9230769230769231,0.3660392682385001
189,38.717948717948715,1.9230769230769231,0.3660392682385001
190,38.84615384615385,1.9230769230769231,0.3660392682385001
191,38.97435897435897,1.9230769230769231,0.36654178925184117
192,39.1025641025641,1.9230769230769231,0.3706127802074154
193,39.230769230769226,1.9230769230769231,0.3715153581379306
194,39.35897435897436,1.9230769230769231,0.3719692609401451
195,39.48717948717949,1.9230769230769231,0.37382481846037463
196,39.61538461538461,1.9230769230769231,0.37391520357984076
197,39.743589743589745,1.9230769230769231,0.3741447977434141
198,39.87179487179487,1.9230769230769231,0.3748030687705739
199,40.0,1.9230769230769231,0.3758916901441437
200,35.0,2.153846153846154,0.34677050139628685
201,35.12820512820513,2.153846153846154,0.34806626929418133
202,35.256410256410255,2.153846153846154,0.3486796915169181
203,35.38461538461539,2.153846153846154,0.3486796915169181
204,35.51282051282051,2.153846153846154,0.3486904008904828
205,35.64102564102564,2.153846153846154,0.3493899743447327
206,35.76923076923077,2.153846153846154,0.3493899743447326
207,35.8974358974359,2.153846153846154,0.3500069656926401
208,36.02564102564102,2.153846153846154,0.3505353814728105
209,36.15384615384615,2.153846153846154,0.3509536304203056
210,36.282051282051285,2.153846153846154,0.35191697399206007
211,36.41025641025641,2.153846153846154,0.35240895441594755
212,36.53846153846154,2.153846153846154,0.35291917921680255
213,36.666666666666664,2.153846153846154,0.35401009088182595
214,36.794871794871796,2.153846153846154,0.3540506946870547
215,36.92307692307692,2.153846153846154,0.35419745793157803
216,37.05128205128205,2.153846153846154,0.3554099475999271
217,37.17948717948718,2.153846153846154,0.35575728994710815
218,37.30769230769231,2.153846153846154,0.3557654782094341
219,37.43589743589744,2.153846153846154,0.35795893666401896
220,37.56410256410256,2.153846153846154,0.360784870438808
221,37.69230769230769,2.153846153846154,0.3607995075387061
222,37.82051282051282,2.153846153846154,0.3612491758819306
223,37.94871794871795,2.153846153846154,0.3612491758819306
224,38.07692307692308,2.153846153846154,0.36247016203878235
225,38.205128205128204,2.153846153846154,0.36247016203878235
226,38.333333333333336,2.153846153846154,0.36247016203878235
227,38.46153846153846,2.153846153846154,0.3625870678451078
228,38.58974358974359,2.153846153846154,0.3634447281429197
229,38.717948717948715,2.153846153846154,0.3634447281429197
230,38.84615384615385,2.153846153846154,0.3634447281429197
231,38.97435897435897,2.153846153846154,0.3639613532469049
232,39.1025641025641,2.153846153846154,0.36796334312325374
233,39.230769230769226,2.153846153846154,0.369156088808299
234,39.35897435897436,2.153846153846154,0.3696220624813598
235,39.48717948717949,2.153846153846154,0.37097314298818435
236,39.61538461538461,2.153846153846154,0.37086177602341996
237,39.743589743589745,2.153846153846154,0.37144820534563106
238,39.87179487179487,2.153846153846154,0.3720260347796767
239,40.0,2.153846153846154,0.3731327900449156
240,35.0,2.3846153846153846,0.34677050139628685
241,35.12820512820513,2.3846153846153846,0.34806626929418133
242,35.256410256410255,2.3846153846153846,0.3486796915169181
243,35.38461538461539,2.3846153846153846,0.3486796915169181
244,35.51282051282051,2.3846153846153846,0.3486904008904828
245,35.64102564102564,2.3846153846153846,0.3493899743447327
246,35.76923076923077,2.3846153846153846,0.3493899743447326
247,35.8974358974359,2.3846153846153846,0.3500069656926401
248,36.02564102564102,2.3846153846153846,0.3505353814728105
249,36.15384615384615,2.3846153846153846,0.3509536304203056
250,36.282051282051285,2.3846153846153846,0.35191697399206007
251,36.41025641025641,2.3846153846153846,0.35240895441594755
252,36.53846153846154,2.3846153846153846,0.35291917921680255
253,36.666666666666664,2.3846153846153846,0.35401009088182595
254,36.794871794871796,2.3846153846153846,0.3540506946870547
255,36.92307692307692,2.3846153846153846,0.35419745793157803
256,37.05128205128205,2.3846153846153846,0.3554099475999271
257,37.17948717948718,2.3846153846153846,0.35575728994710815
258,37.30769230769231,2.3846153846153846,0.3557654782094341
259,37.43589743589744,2.3846153846153846,0.35795893666401896
260,37.56410256410256,2.3846153846153846,0.360784870438808
261,37.69230769230769,2.3846153846153846,0.3607995075387061
262,37.82051282051282,2.3846153846153846,0.3612491758819306
263,37.94871794871795,2.3846153846153846,0.3612491758819306
264,38.07692307692308,2.3846153846153846,0.36247016203878235
265,38.205128205128204,2.3846153846153846,0.36247016203878235
266,38.333333333333336,2.3846153846153846,0.36247016203878235
267,38.46153846153846,2.3846153846153846,0.3625870678451078
268,38.58974358974359,2.3846153846153846,0.3634447281429197
269,38.717948717948715,2.3846153846153846,0.3634447281429197
270,38.84615384615385,2.3846153846153846,0.3634447281429197
271,38.97435897435897,2.3846153846153846,0.3639613532469049
272,39.1025641025641,2.3846153846153846,0.36796334312325374
273,39.230769230769226,2.3846153846153846,0.369156088808299
274,39.35897435897436,2.3846153846153846,0.3696220624813598
275,39.48717948717949,2.3846153846153846,0.37097314298818435
276,39.61538461538461,2.3846153846153846,0.37086177602341996
277,39.743589743589745,2.3846153846153846,0.37144820534563106
278,39.87179487179487,2.3846153846153846,0.3720260347796767
279,40.0,2.3846153846153846,0.3731327900449156
280,35.0,2.6153846153846154,0.34677050139628685
281,35.12820512820513,2.6153846153846154,0.34806626929418133
282,35.256410256410255,2.6153846153846154,0.3486796915169181
283,35.38461538461539,2.6153846153846154,0.3486796915169181
284,35.51282051282051,2.6153846153846154,0.3486904008904828
285,35.64102564102564,2.6153846153846154,0.3493899743447327
286,35.76923076923077,2.6153846153846154,0.3493899743447326
287,35.8974358974359,2.6153846153846154,0.3500069656926401
288,36.02564102564102,2.6153846153846154,0.3505353814728105
289,36.15384615384615,2.6153846153846154,0.3509536304203056
290,36.282051282051285,2.6153846153846154,0.35191697399206007
291,36.41025641025641,2.6153846153846154,0.35240895441594755
292,36.53846153846154,2.6153846153846154,0.35291917921680255
293,36.666666666666664,2.6153846153846154,0.35401009088182595
294,36.794871794871796,2.6153846153846154,0.3540506946870547
295,36.92307692307692,2.6153846153846154,0.35419745793157803
296,37.05128205128205,2.6153846153846154,0.3554099475999271
297,37.17948717948718,2.6153846153846154,0.35575728994710815
298,37.30769230769231,2.6153846153846154,0.3557654782094341
299,37.43589743589744,2.6153846153846154,0.35795893666401896
300,37.56410256410256,2.6153846153846154,0.360784870438808
301,37.69230769230769,2.6153846153846154,0.3607995075387061
302,37.82051282051282,2.6153846153846154,0.3612491758819306
303,37.94871794871795,2.6153846153846154,0.3612491758819306
304,38.07692307692308,2.6153846153846154,0.36247016203878235
305,38.205128205128204,2.6153846153846154,0.36247016203878235
306,38.333333333333336,2.6153846153846154,0.36247016203878235
307,38.46153846153846,2.6153846153846154,0.3625870678451078
308,38.58974358974359,2.6153846153846154,0.3634447281429197
309,38.717948717948715,2.6153846153846154,0.3634447281429197
310,38.84615384615385,2.6153846153846154,0.3634447281429197
311,38.97435897435897,2.6153846153846154,0.3639613532469049
312,39.1025641025641,2.6153846153846154,0.36796334312325374
313,39.230769230769226,2.6153846153846154,0.369156088808299
314,39.35897435897436,2.6153846153846154,0.3696220624813598
315,39.48717948717949,2.6153846153846154,0.37097314298818435
316,39.61538461538461,2.6153846153846154,0.37086177602341996
317,39.743589743589745,2.6153846153846154,0.37144820534563106
318,39.87179487179487,2.6153846153846154,0.3720260347796767
319,40.0,2.6153846153846154,0.3731327900449156
320,35.0,2.8461538461538463,0.34677050139628685
321,35.12820512820513,2.8461538461538463,0.34806626929418133
322,35.256410256410255,2.8461538461538463,0.3486796915169181
323,35.38461538461539,2.8461538461538463,0.3486796915169181
324,35.51282051282051,2.8461538461538463,0.3486904008904828
325,35.64102564102564,2.8461538461538463,0.3493899743447327
326,35.76923076923077,2.8461538461538463,0.3493899743447326
327,35.8974358974359,2.8461538461538463,0.3500069656926401
328,36.02564102564102,2.8461538461538463,0.3505353814728105
329,36.15384615384615,2.8461538461538463,0.3509536304203056
330,36.282051282051285,2.8461538461538463,0.35191697399206007
331,36.41025641025641,2.8461538461538463,0.35240895441594755
332,36.53846153846154,2.8461538461538463,0.35291917921680255
333,36.666666666666664,2.8461538461538463,0.35401009088182595
334,36.794871794871796,2.8461538461538463,0.3540506946870547
335,36.92307692307692,2.8461538461538463,0.35419745793157803
336,37.05128205128205,2.8461538461538463,0.3554099475999271
337,37.17948717948718,2.8461538461538463,0.35575728994710815
338,37.30769230769231,2.8461538461538463,0.3557654782094341
339,37.43589743589744,2.8461538461538463,0.35795893666401896
340,37.56410256410256,2.8461538461538463,0.360784870438808
341,37.69230769230769,2.8461538461538463,0.3607995075387061
342,37.82051282051282,2.8461538461538463,0.3612491758819306
343,37.94871794871795,2.8461538461538463,0.3612491758819306
344,38.07692307692308,2.8461538461538463,0.36247016203878235
345,38.205128205128204,2.8461538461538463,0.36247016203878235
346,38.333333333333336,2.8461538461538463,0.36247016203878235
347,38.46153846153846,2.8461538461538463,0.3625870678451078
348,38.58974358974359,2.8461538461538463,0.3634447281429197
349,38.717948717948715,2.8461538461538463,0.3634447281429197
350,38.84615384615385,2.8461538461538463,0.3634447281429197
351,38.97435897435897,2.8461538461538463,0.3639613532469049
352,39.1025641025641,2.8461538461538463,0.36796334312325374
353,39.230769230769226,2.8461538461538463,0.369156088808299
354,39.35897435897436,2.8461538461538463,0.3696220624813598
355,39.48717948717949,2.8461538461538463,0.37097314298818435
356,39.61538461538461,2.8461538461538463,0.37086177602341996
357,39.743589743589745,2.8461538461538463,0.37144820534563106
358,39.87179487179487,2.8461538461538463,0.3720260347796767
359,40.0,2.8461538461538463,0.3731327900449156
360,35.0,3.076923076923077,0.33339881956791756
361,35.12820512820513,3.076923076923077,0.33369481772980847
362,35.256410256410255,3.076923076923077,0.33455404595619664
363,35.38461538461539,3.076923076923077,0.33455404595619664
364,35.51282051282051,3.076923076923077,0.33453727203753475
365,35.64102564102564,3.076923076923077,0.335192832104036
366,35.76923076923077,3.076923076923077,0.335192832104036
367,35.8974358974359,3.076923076923077,0.3358110399164192
368,36.02564102564102,3.076923076923077,0.33652428016859287
369,36.15384615384615,3.076923076923077,0.3369197757581085
370,36.282051282051285,3.076923076923077,0.3369130572655052
371,36.41025641025641,3.076923076923077,0.3385983326456316
372,36.53846153846154,3.076923076923077,0.3416469417975232
373,36.666666666666664,3.076923076923077,0.34481256516660685
374,36.794871794871796,3.076923076923077,0.3453602794118103
375,36.92307692307692,3.076923076923077,0.34515009500926175
376,37.05128205128205,3.076923076923077,0.3457119786753094
377,37.17948717948718,3.076923076923077,0.3464965245092779
378,37.30769230769231,3.076923076923077,0.34616648726596955
379,37.43589743589744,3.076923076923077,0.34721081001369575
380,37.56410256410256,3.076923076923077,0.3492280171454574
381,37.69230769230769,3.076923076923077,0.34928036331118617
382,37.82051282051282,3.076923076923077,0.3497278124910159
383,37.94871794871795,3.076923076923077,0.3497278124910159
384,38.07692307692308,3.076923076923077,0.351643225145655
385,38.205128205128204,3.076923076923077,0.35164322514565505
386,38.333333333333336,3.076923076923077,0.35164322514565505
387,38.46153846153846,3.076923076923077,0.3516684976953354
388,38.58974358974359,3.076923076923077,0.3516684976953354
389,38.717948717948715,3.076923076923077,0.35225055805091204
390,38.84615384615385,3.076923076923077,0.35225055805091204
391,38.97435897435897,3.076923076923077,0.3527632440687724
392,39.1025641025641,3.076923076923077,0.35463720939459104
393,39.230769230769226,3.076923076923077,0.35636397508014284
394,39.35897435897436,3.076923076923077,0.3563655490416728
395,39.48717948717949,3.076923076923077,0.35643508305620825
396,39.61538461538461,3.076923076923077,0.35643508305620825
397,39.743589743589745,3.076923076923077,0.35643508305620825
398,39.87179487179487,3.076923076923077,0.35833736572579733
399,40.0,3.076923076923077,0.3593582151087402
400,35.0,3.307692307692308,0.33339881956791756
401,35.12820512820513,3.307692307692308,0.33369481772980847
402,35.256410256410255,3.307692307692308,0.33455404595619664
403,35.38461538461539,3.307692307692308,0.33455404595619664
404,35.51282051282051,3.307692307692308,0.33453727203753475
405,35.64102564102564,3.307692307692308,0.335192832104036
406,35.76923076923077,3.307692307692308,0.335192832104036
407,35.8974358974359,3.307692307692308,0.3358110399164192
408,36.02564102564102,3.307692307692308,0.33652428016859287
409,36.15384615384615,3.307692307692308,0.3369197757581085
410,36.282051282051285,3.307692307692308,0.3369130572655052
411,36.41025641025641,3.307692307692308,0.3385983326456316
412,36.53846153846154,3.307692307692308,0.3416469417975232
413,36.666666666666664,3.307692307692308,0.34481256516660685
414,36.794871794871796,3.307692307692308,0.3453602794118103
415,36.92307692307692,3.307692307692308,0.34515009500926175
416,37.05128205128205,3.307692307692308,0.3457119786753094
417,37.17948717948718,3.307692307692308,0.3464965245092779
418,37.30769230769231,3.307692307692308,0.34616648726596955
419,37.43589743589744,3.307692307692308,0.34721081001369575
420,37.56410256410256,3.307692307692308,0.3492280171454574
421,37.69230769230769,3.307692307692308,0.34928036331118617
422,37.82051282051282,3.307692307692308,0.3497278124910159
423,37.94871794871795,3.307692307692308,0.3497278124910159
424,38.07692307692308,3.307692307692308,0.351643225145655
425,38.205128205128204,3.307692307692308,0.35164322514565505
426,38.333333333333336,3.307692307692308,0.35164322514565505
427,38.46153846153846,3.307692307692308,0.3516684976953354
428,38.58974358974359,3.307692307692308,0.3516684976953354
429,38.717948717948715,3.307692307692308,0.35225055805091204
430,38.84615384615385,3.307692307692308,0.35225055805091204
431,38.97435897435897,3.307692307692308,0.3527632440687724
432,39.1025641025641,3.307692307692308,0.35463720939459104
433,39.230769230769226,3.307692307692308,0.35636397508014284
434,39.35897435897436,3.307692307692308,0.3563655490416728
435,39.48717948717949,3.307692307692308,0.35643508305620825
436,39.61538461538461,3.307692307692308,0.35643508305620825
437,39.743589743589745,3.307692307692308,0.35643508305620825
438,39.87179487179487,3.307692307692308,0.35833736572579733
439,40.0,3.307692307692308,0.3593582151087402
440,35.0,3.5384615384615388,0.33339881956791756
441,35.12820512820513,3.5384615384615388,0.33369481772980847
442,35.256410256410255,3.5384615384615388,0.33455404595619664
443,35.38461538461539,3.5384615384615388,0.33455404595619664
444,35.51282051282051,3.5384615384615388,0.33453727203753475
445,35.64102564102564,3.5384615384615388,0.335192832104036
446,35.76923076923077,3.5384615384615388,0.335192832104036
447,35.8974358974359,3.5384615384615388,0.3358110399164192
448,36.02564102564102,3.5384615384615388,0.33652428016859287
449,36.15384615384615,3.5384615384615388,0.3369197757581085
450,36.282051282051285,3.5384615384615388,0.3369130572655052
451,36.41025641025641,3.5384615384615388,0.3385983326456316
452,36.53846153846154,3.5384615384615388,0.3416469417975232
453,36.666666666666664,3.5384615384615388,0.34481256516660685
454,36.794871794871796,3.5384615384615388,0.3453602794118103
455,36.92307692307692,3.5384615384615388,0.34515009500926175
456,37.05128205128205,3.5384615384615388,0.3457119786753094
457,37.17948717948718,3.5384615384615388,0.3464965245092779
458,37.30769230769231,3.5384615384615388,0.34616648726596955
459,37.43589743589744,3.5384615384615388,0.34721081001369575
460,37.56410256410256,3.5384615384615388,0.3492280171454574
461,37.69230769230769,3.5384615384615388,0.34928036331118617
462,37.82051282051282,3.5384615384615388,0.3497278124910159
463,37.94871794871795,3.5384615384615388,0.3497278124910159
464,38.07692307692308,3.5384615384615388,0.351643225145655
465,38.205128205128204,3.5384615384615388,0.35164322514565505
466,38.333333333333336,3.5384615384615388,0.35164322514565505
467,38.46153846153846,3.5384615384615388,0.3516684976953354
468,38.58974358974359,3.5384615384615388,0.3516684976953354
469,38.717948717948715,3.5384615384615388,0.35225055805091204
470,38.84615384615385,3.5384615384615388,0.35225055805091204
471,38.97435897435897,3.5384615384615388,0.3527632440687724
472,39.1025641025641,3.5384615384615388,0.35463720939459104
473,39.230769230769226,3.5384615384615388,0.35636397508014284
474,39.35897435897436,3.5384615384615388,0.3563655490416728
475,39.48717948717949,3.5384615384615388,0.35643508305620825
476,39.61538461538461,3.5384615384615388,0.35643508305620825
477,39.743589743589745,3.5384615384615388,0.35643508305620825
478,39.87179487179487,3.5384615384615388,0.35833736572579733
479,40.0,3.5384615384615388,0.3593582151087402
480,35.0,3.769230769230769,0.33339881956791756
481,35.12820512820513,3.769230769230769,0.33369481772980847
482,35.256410256410255,3.769230769230769,0.33455404595619664
483,35.38461538461539,3.769230769230769,0.33455404595619664
484,35.51282051282051,3.769230769230769,0.33453727203753475
485,35.64102564102564,3.769230769230769,0.335192832104036
486,35.76923076923077,3.769230769230769,0.335192832104036
487,35.8974358974359,3.769230769230769,0.3358110399164192
488,36.02564102564102,3.769230769230769,0.33652428016859287
489,36.15384615384615,3.769230769230769,0.3369197757581085
490,36.282051282051285,3.769230769230769,0.3369130572655052
491,36.41025641025641,3.769230769230769,0.3385983326456316
492,36.53846153846154,3.769230769230769,0.3416469417975232
493,36.666666666666664,3.769230769230769,0.34481256516660685
494,36.794871794871796,3.769230769230769,0.3453602794118103
495,36.92307692307692,3.769230769230769,0.34515009500926175
496,37.05128205128205,3.769230769230769,0.3457119786753094
497,37.17948717948718,3.769230769230769,0.3464965245092779
498,37.30769230769231,3.769230769230769,0.34616648726596955
499,37.43589743589744,3.769230769230769,0.34721081001369575
500,37.56410256410256,3.769230769230769,0.3492280171454574
501,37.69230769230769,3.769230769230769,0.34928036331118617
502,37.82051282051282,3.769230769230769,0.3497278124910159
503,37.94871794871795,3.769230769230769,0.3497278124910159
504,38.07692307692308,3.769230769230769,0.351643225145655
505,38.205128205128204,3.769230769230769,0.35164322514565505
506,38.333333333333336,3.769230769230769,0.35164322514565505
507,38.46153846153846,3.769230769230769,0.3516684976953354
508,38.58974358974359,3.769230769230769,0.3516684976953354
509,38.717948717948715,3.769230769230769,0.35225055805091204
510,38.84615384615385,3.769230769230769,0.35225055805091204
511,38.97435897435897,3.769230769230769,0.3527632440687724
512,39.1025641025641,3.769230769230769,0.35463720939459104
513,39.230769230769226,3.769230769230769,0.35636397508014284
514,39.35897435897436,3.769230769230769,0.3563655490416728
515,39.48717948717949,3.769230769230769,0.35643508305620825
516,39.61538461538461,3.769230769230769,0.35643508305620825
517,39.743589743589745,3.769230769230769,0.35643508305620825
518,39.87179487179487,3.769230769230769,0.35833736572579733
519,40.0,3.769230769230769,0.3593582151087402
520,35.0,4.0,0.33339881956791756
521,35.12820512820513,4.0,0.33369481772980847
522,35.256410256410255,4.0,0.33455404595619664
523,35.38461538461539,4.0,0.33455404595619664
524,35.51282051282051,4.0,0.33453727203753475
525,35.64102564102564,4.0,0.335192832104036
526,35.76923076923077,4.0,0.335192832104036
527,35.8974358974359,4.0,0.3358110399164192
528,36.02564102564102,4.0,0.33652428016859287
529,36.15384615384615,4.0,0.3369197757581085
530,36.282051282051285,4.0,0.3369130572655052
531,36.41025641025641,4.0,0.3385983326456316
532,36.53846153846154,4.0,0.3416469417975232
533,36.666666666666664,4.0,0.34481256516660685
534,36.794871794871796,4.0,0.3453602794118103
535,36.92307692307692,4.0,0.34515009500926175
536,37.05128205128205,4.0,0.3457119786753094
537,37.17948717948718,4.0,0.3464965245092779
538,37.30769230769231,4.0,0.34616648726596955
539,37.43589743589744,4.0,0.34721081001369575
540,37.56410256410256,4.0,0.3492280171454574
541,37.69230769230769,4.0,0.34928036331118617
542,37.82051282051282,4.0,0.3497278124910159
543,37.94871794871795,4.0,0.3497278124910159
544,38.07692307692308,4.0,0.351643225145655
545,38.205128205128204,4.0,0.35164322514565505
546,38.333333333333336,4.0,0.35164322514565505
547,38.46153846153846,4.0,0.3516684976953354
548,38.58974358974359,4.0,0.3516684976953354
549,38.717948717948715,4.0,0.35225055805091204
550,38.84615384615385,4.0,0.35225055805091204
551,38.97435897435897,4.0,0.3527632440687724
552,39.1025641025641,4.0,0.35463720939459104
553,39.230769230769226,4.0,0.35636397508014284
554,39.35897435897436,4.0,0.3563655490416728
555,39.48717948717949,4.0,0.35643508305620825
556,39.61538461538461,4.0,0.35643508305620825
557,39.743589743589745,4.0,0.35643508305620825
558,39.87179487179487,4.0,0.35833736572579733
559,40.0,4.0,0.3593582151087402
560,35.0,4.230769230769231,0.30613783426106034
561,35.12820512820513,4.230769230769231,0.30755929586411096
562,35.256410256410255,4.230769230769231,0.308431095387143
563,35.38461538461539,4.230769230769231,0.30911151586684754
564,35.51282051282051,4.230769230769231,0.30911151586684754
565,35.64102564102564,4.230769230769231,0.3134955079242527
566,35.76923076923077,4.230769230769231,0.31478943418298405
567,35.8974358974359,4.230769230769231,0.31596222723773354
568,36.02564102564102,4.230769230769231,0.31599812324287313
569,36.15384615384615,4.230769230769231,0.31599812324287313
570,36.282051282051285,4.230769230769231,0.31599812324287313
571,36.41025641025641,4.230769230769231,0.3172076051925657
572,36.53846153846154,4.230769230769231,0.3172076051925657
573,36.666666666666664,4.230769230769231,0.31725622081511373
574,36.794871794871796,4.230769230769231,0.3192313344655791
575,36.92307692307692,4.230769230769231,0.31928384426783457
576,37.05128205128205,4.230769230769231,0.3206299381651212
577,37.17948717948718,4.230769230769231,0.3209471957603369
578,37.30769230769231,4.230769230769231,0.3209330229247773
579,37.43589743589744,4.230769230769231,0.321800988084759
580,37.56410256410256,4.230769230769231,0.3242769570861512
581,37.69230769230769,4.230769230769231,0.3238008086265415
582,37.82051282051282,4.230769230769231,0.3241444879106673
583,37.94871794871795,4.230769230769231,0.324120202145175
584,38.07692307692308,4.230769230769231,0.326161377678577
585,38.205128205128204,4.230769230769231,0.32626414342342286
586,38.333333333333336,4.230769230769231,0.32805490237897283
587,38.46153846153846,4.230769230769231,0.32911421269392704
588,38.58974358974359,4.230769230769231,0.32911421269392704
589,38.717948717948715,4.230769230769231,0.32967628484783235
590,38.84615384615385,4.230769230769231,0.32967628484783235
591,38.97435897435897,4.230769230769231,0.3316791468507324
592,39.1025641025641,4.230769230769231,0.3356533062723979
593,39.230769230769226,4.230769230769231,0.3363936803060935
594,39.35897435897436,4.230769230769231,0.3374614732708455
595,39.48717948717949,4.230769230769231,0.33742999946418867
596,39.61538461538461,4.230769230769231,0.33742545423451337
597,39.743589743589745,4.230769230769231,0.33742545423451337
598,39.87179487179487,4.230769230769231,0.33742545423451337
599,40.0,4.230769230769231,0.3381720166173287
600,35.0,4.461538461538462,0.30613783426106034
601,35.12820512820513,4.461538461538462,0.30755929586411096
602,35.256410256410255,4.461538461538462,0.308431095387143
603,35.38461538461539,4.461538461538462,0.30911151586684754
604,35.51282051282051,4.461538461538462,0.30911151586684754
605,35.64102564102564,4.461538461538462,0.3134955079242527
606,35.76923076923077,4.461538461538462,0.31478943418298405
607,35.8974358974359,4.461538461538462,0.31596222723773354
608,36.02564102564102,4.461538461538462,0.31599812324287313
609,36.15384615384615,4.461538461538462,0.31599812324287313
610,36.282051282051285,4.461538461538462,0.31599812324287313
611,36.41025641025641,4.461538461538462,0.3172076051925657
612,36.53846153846154,4.461538461538462,0.3172076051925657
613,36.666666666666664,4.461538461538462,0.31725622081511373
614,36.794871794871796,4.461538461538462,0.3192313344655791
615,36.92307692307692,4.461538461538462,0.31928384426783457
616,37.05128205128205,4.461538461538462,0.3206299381651212
617,37.17948717948718,4.461538461538462,0.3209471957603369
618,37.30769230769231,4.461538461538462,0.3209330229247773
619,37.43589743589744,4.461538461538462,0.321800988084759
620,37.56410256410256,4.461538461538462,0.3242769570861512
621,37.69230769230769,4.461538461538462,0.3238008086265415
622,37.82051282051282,4.461538461538462,0.3241444879106673
623,37.94871794871795,4.461538461538462,0.324120202145175
624,38.07692307692308,4.461538461538462,0.326161377678577
625,38.205128205128204,4.461538461538462,0.32626414342342286
626,38.333333333333336,4.461538461538462,0.32805490237897283
627,38.46153846153846,4.461538461538462,0.32911421269392704
628,38.58974358974359,4.461538461538462,0.32911421269392704
629,38.717948717948715,4.461538461538462,0.32967628484783235
630,38.84615384615385,4.461538461538462,0.32967628484783235
631,38.97435897435897,4.461538461538462,0.3316791468507324
632,39.1025641025641,4.461538461538462,0.3356533062723979
633,39.230769230769226,4.461538461538462,0.3363936803060935
634,39.35897435897436,4.461538461538462,0.3374614732708455
635,39.48717948717949,4.461538461538462,0.33742999946418867
636,39.61538461538461,4.461538461538462,0.33742545423451337
637,39.743589743589745,4.461538461538462,0.33742545423451337
638,39.87179487179487,4.461538461538462,0.33742545423451337
639,40.0,4.461538461538462,0.3381720166173287
640,35.0,4.6923076923076925,0.30613783426106034
641,35.12820512820513,4.6923076923076925,0.30755929586411096
642,35.256410256410255,4.6923076923076925,0.308431095387143
643,35.38461538461539,4.6923076923076925,0.30911151586684754
644,35.51282051282051,4.6923076923076925,0.30911151586684754
645,35.64102564102564,4.6923076923076925,0.3134955079242527
646,35.76923076923077,4.6923076923076925,0.31478943418298405
647,35.8974358974359,4.6923076923076925,0.31596222723773354
648,36.02564102564102,4.6923076923076925,0.31599812324287313
649,36.15384615384615,4.6923076923076925,0.31599812324287313
650,36.282051282051285,4.6923076923076925,0.31599812324287313
651,36.41025641025641,4.6923076923076925,0.3172076051925657
652,36.53846153846154,4.6923076923076925,0.3172076051925657
653,36.666666666666664,4.6923076923076925,0.31725622081511373
654,36.794871794871796,4.6923076923076925,0.3192313344655791
655,36.92307692307692,4.6923076923076925,0.31928384426783457
656,37.05128205128205,4.6923076923076925,0.3206299381651212
657,37.17948717948718,4.6923076923076925,0.3209471957603369
658,37.30769230769231,4.6923076923076925,0.3209330229247773
659,37.43589743589744,4.6923076923076925,0.321800988084759
660,37.56410256410256,4.6923076923076925,0.3242769570861512
661,37.69230769230769,4.6923076923076925,0.3238008086265415
662,37.82051282051282,4.6923076923076925,0.3241444879106673
663,37.94871794871795,4.6923076923076925,0.324120202145175
664,38.07692307692308,4.6923076923076925,0.326161377678577
665,38.205128205128204,4.6923076923076925,0.32626414342342286
666,38.333333333333336,4.6923076923076925,0.32805490237897283
667,38.46153846153846,4.6923076923076925,0.32911421269392704
668,38.58974358974359,4.6923076923076925,0.32911421269392704
669,38.717948717948715,4.6923076923076925,0.32967628484783235
670,38.84615384615385,4.6923076923076925,0.32967628484783235
671,38.97435897435897,4.6923076923076925,0.3316791468507324
672,39.1025641025641,4.6923076923076925,0.3356533062723979
673,39.230769230769226,4.6923076923076925,0.3363936803060935
674,39.35897435897436,4.6923076923076925,0.3374614732708455
675,39.48717948717949,4.6923076923076925,0.33742999946418867
676,39.61538461538461,4.6923076923076925,0.33742545423451337
677,39.743589743589745,4.6923076923076925,0.33742545423451337
678,39.87179487179487,4.6923076923076925,0.33742545423451337
679,40.0,4.6923076923076925,0.3381720166173287
680,35.0,4.923076923076923,0.30613783426106034
681,35.12820512820513,4.923076923076923,0.30755929586411096
682,35.256410256410255,4.923076923076923,0.308431095387143
683,35.38461538461539,4.923076923076923,0.30911151586684754
684,35.51282051282051,4.923076923076923,0.30911151586684754
685,35.64102564102564,4.923076923076923,0.3134955079242527
686,35.76923076923077,4.923076923076923,0.31478943418298405
687,35.8974358974359,4.923076923076923,0.31596222723773354
688,36.02564102564102,4.923076923076923,0.31599812324287313
689,36.15384615384615,4.923076923076923,0.31599812324287313
690,36.282051282051285,4.923076923076923,0.31599812324287313
691,36.41025641025641,4.923076923076923,0.3172076051925657
692,36.53846153846154,4.923076923076923,0.3172076051925657
693,36.666666666666664,4.923076923076923,0.31725622081511373
694,36.794871794871796,4.923076923076923,0.3192313344655791
695,36.92307692307692,4.923076923076923,0.31928384426783457
696,37.05128205128205,4.923076923076923,0.3206299381651212
697,37.17948717948718,4.923076923076923,0.3209471957603369
698,37.30769230769231,4.923076923076923,0.3209330229247773
699,37.43589743589744,4.923076923076923,0.321800988084759
700,37.56410256410256,4.923076923076923,0.3242769570861512
701,37.69230769230769,4.923076923076923,0.3238008086265415
702,37.82051282051282,4.923076923076923,0.3241444879106673
703,37.94871794871795,4.923076923076923,0.324120202145175
704,38.07692307692308,4.923076923076923,0.326161377678577
705,38.205128205128204,4.923076923076923,0.32626414342342286
706,38.333333333333336,4.923076923076923,0.32805490237897283
707,38.46153846153846,4.923076923076923,0.32911421269392704
708,38.58974358974359,4.923076923076923,0.32911421269392704
709,38.717948717948715,4.923076923076923,0.32967628484783235
710,38.84615384615385,4.923076923076923,0.32967628484783235
711,38.97435897435897,4.923076923076923,0.3316791468507324
712,39.1025641025641,4.923076923076923,0.3356533062723979
713,39.230769230769226,4.923076923076923,0.3363936803060935
714,39.35897435897436,4.923076923076923,0.3374614732708455
715,39.48717948717949,4.923076923076923,0.33742999946418867
716,39.61538461538461,4.923076923076923,0.33742545423451337
717,39.743589743589745,4.923076923076923,0.33742545423451337
718,39.87179487179487,4.923076923076923,0.33742545423451337
719,40.0,4.923076923076923,0.3381720166173287
720,35.0,5.153846153846154,0.2762303899150204
721,35.12820512820513,5.153846153846154,0.27902050116340027
722,35.256410256410255,5.153846153846154,0.28034404454529105
723,35.38461538461539,5.153846153846154,0.28034404454529105
724,35.51282051282051,5.153846153846154,0.2807791992447686
725,35.64102564102564,5.153846153846154,0.2850210204629752
726,35.76923076923077,5.153846153846154,0.2883482977429865
727,35.8974358974359,5.153846153846154,0.2904373800113695
728,36.02564102564102,5.153846153846154,0.29344002938078206
729,36.15384615384615,5.153846153846154,0.29344002938078206
730,36.282051282051285,5.153846153846154,0.29425280791446135
731,36.41025641025641,5.153846153846154,0.29709008050844166
732,36.53846153846154,5.153846153846154,0.29709008050844166
733,36.666666666666664,5.153846153846154,0.29654883872326754
734,36.794871794871796,5.153846153846154,0.29749446259010187
735,36.92307692307692,5.153846153846154,0.2975483387147724
736,37.05128205128205,5.153846153846154,0.3004794340202792
737,37.17948717948718,5.153846153846154,0.3023761975111673
738,37.30769230769231,5.153846153846154,0.3023761975111673
739,37.43589743589744,5.153846153846154,0.30414283464198166
740,37.56410256410256,5.153846153846154,0.30417079368823857
741,37.69230769230769,5.153846153846154,0.30468186640216044
742,37.82051282051282,5.153846153846154,0.3044562449497554
743,37.94871794871795,5.153846153846154,0.3053123858449962
744,38.07692307692308,5.153846153846154,0.3057790033564191
745,38.205128205128204,5.153846153846154,0.3062513743817905
746,38.333333333333336,5.153846153846154,0.30669662266469655
747,38.46153846153846,5.153846153846154,0.307589138771552
748,38.58974358974359,5.153846153846154,0.307589138771552
749,38.717948717948715,5.153846153846154,0.30760097226272376
750,38.84615384615385,5.153846153846154,0.3077607153327485
751,38.97435897435897,5.153846153846154,0.30829215486419825
752,39.1025641025641,5.153846153846154,0.3086966267248943
753,39.230769230769226,5.153846153846154,0.3092771752856262
754,39.35897435897436,5.153846153846154,0.30964495083630805
755,39.48717948717949,5.153846153846154,0.309651390828751
756,39.61538461538461,5.153846153846154,0.3100859359398452
757,39.743589743589745,5.153846153846154,0.3100859359398452
758,39.87179487179487,5.153846153846154,0.3105714440046561
759,40.0,5.153846153846154,0.31191566335667786
760,35.0,5.384615384615385,0.2762303899150204
761,35.12820512820513,5.384615384615385,0.27902050116340027
762,35.256410256410255,5.384615384615385,0.28034404454529105
763,35.38461538461539,5.384615384615385,0.28034404454529105
764,35.51282051282051,5.384615384615385,0.2807791992447686
765,35.64102564102564,5.384615384615385,0.2850210204629752
766,35.76923076923077,5.384615384615385,0.2883482977429865
767,35.8974358974359,5.384615384615385,0.2904373800113695
768,36.02564102564102,5.384615384615385,0.29344002938078206
769,36.15384615384615,5.384615384615385,0.29344002938078206
770,36.282051282051285,5.384615384615385,0.29425280791446135
771,36.41025641025641,5.384615384615385,0.29709008050844166
772,36.53846153846154,5.384615384615385,0.29709008050844166
773,36.666666666666664,5.384615384615385,0.29654883872326754
774,36.794871794871796,5.384615384615385,0.29749446259010187
775,36.92307692307692,5.384615384615385,0.2975483387147724
776,37.05128205128205,5.384615384615385,0.3004794340202792
777,37.17948717948718,5.384615384615385,0.3023761975111673
778,37.30769230769231,5.384615384615385,0.3023761975111673
779,37.43589743589744,5.384615384615385,0.30414283464198166
780,37.56410256410256,5.384615384615385,0.30417079368823857
781,37.69230769230769,5.384615384615385,0.30468186640216044
782,37.82051282051282,5.384615384615385,0.3044562449497554
783,37.94871794871795,5.384615384615385,0.3053123858449962
784,38.07692307692308,5.384615384615385,0.3057790033564191
785,38.205128205128204,5.384615384615385,0.3062513743817905
786,38.333333333333336,5.384615384615385,0.30669662266469655
787,38.46153846153846,5.384615384615385,0.307589138771552
788,38.58974358974359,5.384615384615385,0.307589138771552
789,38.717948717948715,5.384615384615385,0.30760097226272376
790,38.84615384615385,5.384615384615385,0.3077607153327485
791,38.97435897435897,5.384615384615385,0.30829215486419825
792,39.1025641025641,5.384615384615385,0.3086966267248943
793,39.230769230769226,5.384615384615385,0.3092771752856262
794,39.35897435897436,5.384615384615385,0.30964495083630805
795,39.48717948717949,5.384615384615385,0.309651390828751
796,39.61538461538461,5.384615384615385,0.3100859359398452
797,39.743589743589745,5.384615384615385,0.3100859359398452
798,39.87179487179487,5.384615384615385,0.3105714440046561
799,40.0,5.384615384615385,0.31191566335667786
800,35.0,5.615384615384616,0.2762303899150204
801,35.12820512820513,5.615384615384616,0.27902050116340027
802,35.256410256410255,5.615384615384616,0.28034404454529105
803,35.38461538461539,5.615384615384616,0.28034404454529105
804,35.51282051282051,5.615384615384616,0.2807791992447686
805,35.64102564102564,5.615384615384616,0.2850210204629752
806,35.76923076923077,5.615384615384616,0.2883482977429865
807,35.8974358974359,5.615384615384616,0.2904373800113695
808,36.02564102564102,5.615384615384616,0.29344002938078206
809,36.15384615384615,5.615384615384616,0.29344002938078206
810,36.282051282051285,5.615384615384616,0.29425280791446135
811,36.41025641025641,5.615384615384616,0.29709008050844166
812,36.53846153846154,5.615384615384616,0.29709008050844166
813,36.666666666666664,5.615384615384616,0.29654883872326754
814,36.794871794871796,5.615384615384616,0.29749446259010187
815,36.92307692307692,5.615384615384616,0.2975483387147724
816,37.05128205128205,5.615384615384616,0.3004794340202792
817,37.17948717948718,5.615384615384616,0.3023761975111673
818,37.30769230769231,5.615384615384616,0.3023761975111673
819,37.43589743589744,5.615384615384616,0.30414283464198166
820,37.56410256410256,5.615384615384616,0.30417079368823857
821,37.69230769230769,5.615384615384616,0.30468186640216044
822,37.82051282051282,5.615384615384616,0.3044562449497554
823,37.94871794871795,5.615384615384616,0.3053123858449962
824,38.07692307692308,5.615384615384616,0.3057790033564191
825,38.205128205128204,5.615384615384616,0.3062513743817905
826,38.333333333333336,5.615384615384616,0.30669662266469655
827,38.46153846153846,5.615384615384616,0.307589138771552
828,38.58974358974359,5.615384615384616,0.307589138771552
829,38.717948717948715,5.615384615384616,0.30760097226272376
830,38.84615384615385,5.615384615384616,0.3077607153327485
831,38.97435897435897,5.615384615384616,0.30829215486419825
832,39.1025641025641,5.615384615384616,0.3086966267248943
833,39.230769230769226,5.615384615384616,0.3092771752856262
834,39.35897435897436,5.615384615384616,0.30964495083630805
835,39.48717948717949,5.615384615384616,0.309651390828751
836,39.61538461538461,5.615384615384616,0.3100859359398452
837,39.743589743589745,5.615384615384616,0.3100859359398452
838,39.87179487179487,5.615384615384616,0.3105714440046561
839,40.0,5.615384615384616,0.31191566335667786
840,35.0,5.846153846153847,0.2762303899150204
841,35.12820512820513,5.846153846153847,0.27902050116340027
842,35.256410256410255,5.846153846153847,0.28034404454529105
843,35.38461538461539,5.846153846153847,0.28034404454529105
844,35.51282051282051,5.846153846153847,0.2807791992447686
845,35.64102564102564,5.846153846153847,0.2850210204629752
846,35.76923076923077,5.846153846153847,0.2883482977429865
847,35.8974358974359,5.846153846153847,0.2904373800113695
848,36.02564102564102,5.846153846153847,0.29344002938078206
849,36.15384615384615,5.846153846153847,0.29344002938078206
850,36.282051282051285,5.846153846153847,0.29425280791446135
851,36.41025641025641,5.846153846153847,0.29709008050844166
852,36.53846153846154,5.846153846153847,0.29709008050844166
853,36.666666666666664,5.846153846153847,0.29654883872326754
854,36.794871794871796,5.846153846153847,0.29749446259010187
855,36.92307692307692,5.846153846153847,0.2975483387147724
856,37.05128205128205,5.846153846153847,0.3004794340202792
857,37.17948717948718,5.846153846153847,0.3023761975111673
858,37.30769230769231,5.846153846153847,0.3023761975111673
859,37.43589743589744,5.846153846153847,0.30414283464198166
860,37.56410256410256,5.846153846153847,0.30417079368823857
861,37.69230769230769,5.846153846153847,0.30468186640216044
862,37.82051282051282,5.846153846153847,0.3044562449497554
863,37.94871794871795,5.846153846153847,0.3053123858449962
864,38.07692307692308,5.846153846153847,0.3057790033564191
865,38.205128205128204,5.846153846153847,0.3062513743817905
866,38.333333333333336,5.846153846153847,0.30669662266469655
867,38.46153846153846,5.846153846153847,0.307589138771552
868,38.58974358974359,5.846153846153847,0.307589138771552
869,38.717948717948715,5.846153846153847,0.30760097226272376
870,38.84615384615385,5.846153846153847,0.3077607153327485
871,38.97435897435897,5.846153846153847,0.30829215486419825
872,39.1025641025641,5.846153846153847,0.3086966267248943
873,39.230769230769226,5.846153846153847,0.3092771752856262
874,39.35897435897436,5.846153846153847,0.30964495083630805
875,39.48717948717949,5.846153846153847,0.309651390828751
876,39.61538461538461,5.846153846153847,0.3100859359398452
877,39.743589743589745,5.846153846153847,0.3100859359398452
878,39.87179487179487,5.846153846153847,0.3105714440046561
879,40.0,5.846153846153847,0.31191566335667786
880,35.0,6.0769230769230775,0.2445054137307164
881,35.12820512820513,6.0769230769230775,0.2458290894715744
882,35.256410256410255,6.0769230769230775,0.24926992395057693
883,35.38461538461539,6.0769230769230775,0.24984155769819205
884,35.51282051282051,6.0769230769230775,0.24984155769819205
885,35.64102564102564,6.0769230769230775,0.24989321219761437
886,35.76923076923077,6.0769230769230775,0.24989321219761437
887,35.8974358974359,6.0769230769230775,0.25142187623998
888,36.02564102564102,6.0769230769230775,0.25142187623998
889,36.15384615384615,6.0769230769230775,0.25186169448533646
890,36.282051282051285,6.0769230769230775,0.2524243875551275
891,36.41025641025641,6.0769230769230775,0.2536170913019457
892,36.53846153846154,6.0769230769230775,0.2536170913019457
893,36.666666666666664,6.0769230769230775,0.2537356879877202
894,36.794871794871796,6.0769230769230775,0.2542382946502834
895,36.92307692307692,6.0769230769230775,0.2544390005002285
896,37.05128205128205,6.0769230769230775,0.25750923933055575
897,37.17948717948718,6.0769230769230775,0.25750923933055575
898,37.30769230769231,6.0769230769230775,0.25821117643002695
899,37.43589743589744,6.0769230769230775,0.2594498228560205
900,37.56410256410256,6.0769230769230775,0.26049666149008105
901,37.69230769230769,6.0769230769230775,0.26049666149008105
902,37.82051282051282,6.0769230769230775,0.26049666149008105
903,37.94871794871795,6.0769230769230775,0.2605322870602469
904,38.07692307692308,6.0769230769230775,0.2611064738556088
905,38.205128205128204,6.0769230769230775,0.2620500398659043
906,38.333333333333336,6.0769230769230775,0.2620500398659043
907,38.46153846153846,6.0769230769230775,0.26445347770329086
908,38.58974358974359,6.0769230769230775,0.26445347770329086
909,38.717948717948715,6.0769230769230775,0.26581925023488306
910,38.84615384615385,6.0769230769230775,0.26581925023488306
911,38.97435897435897,6.0769230769230775,0.26684817862585986
912,39.1025641025641,6.0769230769230775,0.26914221603960997
913,39.230769230769226,6.0769230769230775,0.27241303964000363
914,39.35897435897436,6.0769230769230775,0.27558130594899194
915,39.48717948717949,6.0769230769230775,0.27574495717347286
916,39.61538461538461,6.0769230769230775,0.27574495717347286
917,39.743589743589745,6.0769230769230775,0.2774711574488542
918,39.87179487179487,6.0769230769230775,0.281794056482249
919,40.0,6.0769230769230775,0.2822822351901279
920,35.0,6.307692307692308,0.2445054137307164
921,35.12820512820513,6.307692307692308,0.2458290894715744
922,35.256410256410255,6.307692307692308,0.24926992395057693
923,35.38461538461539,6.307692307692308,0.24984155769819205
924,35.51282051282051,6.307692307692308,0.24984155769819205
925,35.64102564102564,6.307692307692308,0.24989321219761437
926,35.76923076923077,6.307692307692308,0.24989321219761437
927,35.8974358974359,6.307692307692308,0.25142187623998
928,36.02564102564102,6.307692307692308,0.25142187623998
929,36.15384615384615,6.307692307692308,0.25186169448533646
930,36.282051282051285,6.307692307692308,0.2524243875551275
931,36.41025641025641,6.307692307692308,0.2536170913019457
932,36.53846153846154,6.307692307692308,0.2536170913019457
933,36.666666666666664,6.307692307692308,0.2537356879877202
934,36.794871794871796,6.307692307692308,0.2542382946502834
935,36.92307692307692,6.307692307692308,0.2544390005002285
936,37.05128205128205,6.307692307692308,0.25750923933055575
937,37.17948717948718,6.307692307692308,0.25750923933055575
938,37.30769230769231,6.307692307692308,0.25821117643002695
939,37.43589743589744,6.307692307692308,0.2594498228560205
940,37.56410256410256,6.307692307692308,0.26049666149008105
941,37.69230769230769,6.307692307692308,0.26049666149008105
942,37.82051282051282,6.307692307692308,0.26049666149008105
943,37.94871794871795,6.307692307692308,0.2605322870602469
944,38.07692307692308,6.307692307692308,0.2611064738556088
945,38.205128205128204,6.307692307692308,0.2620500398659043
946,38.333333333333336,6.307692307692308,0.2620500398659043
947,38.46153846153846,6.307692307692308,0.26445347770329086
948,38.58974358974359,6.307692307692308,0.26445347770329086
949,38.717948717948715,6.307692307692308,0.26581925023488306
950,38.84615384615385,6.307692307692308,0.26581925023488306
951,38.97435897435897,6.307692307692308,0.26684817862585986
952,39.1025641025641,6.307692307692308,0.26914221603960997
953,39.230769230769226,6.307692307692308,0.27241303964000363
954,39.35897435897436,6.307692307692308,0.27558130594899194
955,39.48717948717949,6.307692307692308,0.27574495717347286
956,39.61538461538461,6.307692307692308,0.27574495717347286
957,39.743589743589745,6.307692307692308,0.2774711574488542
958,39.87179487179487,6.307692307692308,0.281794056482249
959,40.0,6.307692307692308,0.2822822351901279
960,35.0,6.538461538461538,0.2445054137307164
961,35.12820512820513,6.538461538461538,0.2458290894715744
962,35.256410256410255,6.538461538461538,0.24926992395057693
963,35.38461538461539,6.538461538461538,0.24984155769819205
964,35.51282051282051,6.538461538461538,0.24984155769819205
965,35.64102564102564,6.538461538461538,0.24989321219761437
966,35.76923076923077,6.538461538461538,0.24989321219761437
967,35.8974358974359,6.538461538461538,0.25142187623998
968,36.02564102564102,6.538461538461538,0.25142187623998
969,36.15384615384615,6.538461538461538,0.25186169448533646
970,36.282051282051285,6.538461538461538,0.2524243875551275
971,36.41025641025641,6.538461538461538,0.2536170913019457
972,36.53846153846154,6.538461538461538,0.2536170913019457
973,36.666666666666664,6.538461538461538,0.2537356879877202
974,36.794871794871796,6.538461538461538,0.2542382946502834
975,36.92307692307692,6.538461538461538,0.2544390005002285
976,37.05128205128205,6.538461538461538,0.25750923933055575
977,37.17948717948718,6.538461538461538,0.25750923933055575
978,37.30769230769231,6.538461538461538,0.25821117643002695
979,37.43589743589744,6.538461538461538,0.2594498228560205
980,37.56410256410256,6.538461538461538,0.26049666149008105
981,37.69230769230769,6.538461538461538,0.26049666149008105
982,37.82051282051282,6.538461538461538,0.26049666149008105
983,37.94871794871795,6.538461538461538,0.2605322870602469
984,38.07692307692308,6.538461538461538,0.2611064738556088
985,38.205128205128204,6.538461538461538,0.2620500398659043
986,38.333333333333336,6.538461538461538,0.2620500398659043
987,38.46153846153846,6.538461538461538,0.26445347770329086
988,38.58974358974359,6.538461538461538,0.26445347770329086
989,38.717948717948715,6.538461538461538,0.26581925023488306
990,38.84615384615385,6.538461538461538,0.26581925023488306
991,38.97435897435897,6.538461538461538,0.26684817862585986
992,39.1025641025641,6.538461538461538,0.26914221603960997
993,39.230769230769226,6.538461538461538,0.27241303964000363
994,39.35897435897436,6.538461538461538,0.27558130594899194
995,39.48717948717949,6.538461538461538,0.27574495717347286
996,39.61538461538461,6.538461538461538,0.27574495717347286
997,39.743589743589745,6.538461538461538,0.2774711574488542
998,39.87179487179487,6.538461538461538,0.281794056482249
999,40.0,6.538461538461538,0.2822822351901279
1000,35.0,6.769230769230769,0.2445054137307164
1001,35.12820512820513,6.769230769230769,0.2458290894715744
1002,35.256410256410255,6.769230769230769,0.24926992395057693
1003,35.38461538461539,6.769230769230769,0.24984155769819205
1004,35.51282051282051,6.769230769230769,0.24984155769819205
1005,35.64102564102564,6.769230769230769,0.24989321219761437
1006,35.76923076923077,6.769230769230769,0.24989321219761437
1007,35.8974358974359,6.769230769230769,0.25142187623998
1008,36.02564102564102,6.769230769230769,0.25142187623998
1009,36.15384615384615,6.769230769230769,0.25186169448533646
1010,36.282051282051285,6.769230769230769,0.2524243875551275
1011,36.41025641025641,6.769230769230769,0.2536170913019457
1012,36.53846153846154,6.769230769230769,0.2536170913019457
1013,36.666666666666664,6.769230769230769,0.2537356879877202
1014,36.794871794871796,6.769230769230769,0.2542382946502834
1015,36.92307692307692,6.769230769230769,0.2544390005002285
1016,37.05128205128205,6.769230769230769,0.25750923933055575
1017,37.17948717948718,6.769230769230769,0.25750923933055575
1018,37.30769230769231,6.769230769230769,0.25821117643002695
1019,37.43589743589744,6.769230769230769,0.2594498228560205
1020,37.56410256410256,6.769230769230769,0.26049666149008105
1021,37.69230769230769,6.769230769230769,0.26049666149008105
1022,37.82051282051282,6.769230769230769,0.26049666149008105
1023,37.94871794871795,6.769230769230769,0.2605322870602469
1024,38.07692307692308,6.769230769230769,0.2611064738556088
1025,38.205128205128204,6.769230769230769,0.2620500398659043
1026,38.333333333333336,6.769230769230769,0.2620500398659043
1027,38.46153846153846,6.769230769230769,0.26445347770329086
1028,38.58974358974359,6.769230769230769,0.26445347770329086
1029,38.717948717948715,6.769230769230769,0.26581925023488306
1030,38.84615384615385,6.769230769230769,0.26581925023488306
1031,38.97435897435897,6.769230769230769,0.26684817862585986
1032,39.1025641025641,6.769230769230769,0.26914221603960997
1033,39.230769230769226,6.769230769230769,0.27241303964000363
1034,39.35897435897436,6.769230769230769,0.27558130594899194
1035,39.48717948717949,6.769230769230769,0.27574495717347286
1036,39.61538461538461,6.769230769230769,0.27574495717347286
1037,39.743589743589745,6.769230769230769,0.2774711574488542
1038,39.87179487179487,6.769230769230769,0.281794056482249
1039,40.0,6.769230769230769,0.2822822351901279
1040,35.0,7.0,0.2445054137307164
1041,35.12820512820513,7.0,0.2458290894715744
1042,35.256410256410255,7.0,0.24926992395057693
1043,35.38461538461539,7.0,0.24984155769819205
1044,35.51282051282051,7.0,0.24984155769819205
1045,35.64102564102564,7.0,0.24989321219761437
1046,35.76923076923077,7.0,0.24989321219761437
1047,35.8974358974359,7.0,0.25142187623998
1048,36.02564102564102,7.0,0.25142187623998
1049,36.15384615384615,7.0,0.25186169448533646
1050,36.282051282051285,7.0,0.2524243875551275
1051,36.41025641025641,7.0,0.2536170913019457
1052,36.53846153846154,7.0,0.2536170913019457
1053,36.666666666666664,7.0,0.2537356879877202
1054,36.794871794871796,7.0,0.2542382946502834
1055,36.92307692307692,7.0,0.2544390005002285
1056,37.05128205128205,7.0,0.25750923933055575
1057,37.17948717948718,7.0,0.25750923933055575
1058,37.30769230769231,7.0,0.25821117643002695
1059,37.43589743589744,7.0,0.2594498228560205
1060,37.56410256410256,7.0,0.26049666149008105
1061,37.69230769230769,7.0,0.26049666149008105
1062,37.82051282051282,7.0,0.26049666149008105
1063,37.94871794871795,7.0,0.2605322870602469
1064,38.07692307692308,7.0,0.2611064738556088
1065,38.205128205128204,7.0,0.2620500398659043
1066,38.333333333333336,7.0,0.2620500398659043
1067,38.46153846153846,7.0,0.26445347770329086
1068,38.58974358974359,7.0,0.26445347770329086
1069,38.717948717948715,7.0,0.26581925023488306
1070,38.84615384615385,7.0,0.26581925023488306
1071,38.97435897435897,7.0,0.26684817862585986
1072,39.1025641025641,7.0,0.26914221603960997
1073,39.230769230769226,7.0,0.27241303964000363
1074,39.35897435897436,7.0,0.27558130594899194
1075,39.48717948717949,7.0,0.27574495717347286
1076,39.61538461538461,7.0,0.27574495717347286
1077,39.743589743589745,7.0,0.2774711574488542
1078,39.87179487179487,7.0,0.281794056482249
1079,40.0,7.0,0.2822822351901279
1080,35.0,7.230769230769231,0.1935992555222252
1081,35.12820512820513,7.230769230769231,0.1947788673000636
1082,35.256410256410255,7.230769230769231,0.19507255532039847
1083,35.38461538461539,7.230769230769231,0.1995674695413873
1084,35.51282051282051,7.230769230769231,0.1995674695413873
1085,35.64102564102564,7.230769230769231,0.2009293314633759
1086,35.76923076923077,7.230769230769231,0.20157584148141386
1087,35.8974358974359,7.230769230769231,0.20263006376287215
1088,36.02564102564102,7.230769230769231,0.20263006376287215
1089,36.15384615384615,7.230769230769231,0.20263006376287215
1090,36.282051282051285,7.230769230769231,0.208037889711531
1091,36.41025641025641,7.230769230769231,0.208037889711531
1092,36.53846153846154,7.230769230769231,0.2092630898920107
1093,36.666666666666664,7.230769230769231,0.2135675573606056
1094,36.794871794871796,7.230769230769231,0.2135675573606056
1095,36.92307692307692,7.230769230769231,0.21547386486633752
1096,37.05128205128205,7.230769230769231,0.22325411436598408
1097,37.17948717948718,7.230769230769231,0.22325411436598408
1098,37.30769230769231,7.230769230769231,0.22397329766142474
1099,37.43589743589744,7.230769230769231,0.2327881028396324
1100,37.56410256410256,7.230769230769231,0.2327881028396324
1101,37.69230769230769,7.230769230769231,0.2338995130691294
1102,37.82051282051282,7.230769230769231,0.2338995130691294
1103,37.94871794871795,7.230769230769231,0.23389951306912934
1104,38.07692307692308,7.230769230769231,0.2346018246739312
1105,38.205128205128204,7.230769230769231,0.23552306077220028
1106,38.333333333333336,7.230769230769231,0.23552306077220028
1107,38.46153846153846,7.230769230769231,0.23552306077220028
1108,38.58974358974359,7.230769230769231,0.23552306077220028
1109,38.717948717948715,7.230769230769231,0.23605722133392312
1110,38.84615384615385,7.230769230769231,0.24254478489536133
1111,38.97435897435897,7.230769230769231,0.24409082751115574
1112,39.1025641025641,7.230769230769231,0.24953500150205402
1113,39.230769230769226,7.230769230769231,0.25354741763941696
1114,39.35897435897436,7.230769230769231,0.25354741763941696
1115,39.48717948717949,7.230769230769231,0.25537806986352757
1116,39.61538461538461,7.230769230769231,0.25537806986352757
1117,39.743589743589745,7.230769230769231,0.25585287266951645
1118,39.87179487179487,7.230769230769231,0.25623629387287555
1119,40.0,7.230769230769231,0.25623629387287555
1120,35.0,7.461538461538462,0.1935992555222252
1121,35.12820512820513,7.461538461538462,0.1947788673000636
1122,35.256410256410255,7.461538461538462,0.19507255532039847
1123,35.38461538461539,7.461538461538462,0.1995674695413873
1124,35.51282051282051,7.461538461538462,0.1995674695413873
1125,35.64102564102564,7.461538461538462,0.2009293314633759
1126,35.76923076923077,7.461538461538462,0.20157584148141386
1127,35.8974358974359,7.461538461538462,0.20263006376287215
1128,36.02564102564102,7.461538461538462,0.20263006376287215
1129,36.15384615384615,7.461538461538462,0.20263006376287215
1130,36.282051282051285,7.461538461538462,0.208037889711531
1131,36.41025641025641,7.461538461538462,0.208037889711531
1132,36.53846153846154,7.461538461538462,0.2092630898920107
1133,36.666666666666664,7.461538461538462,0.2135675573606056
1134,36.794871794871796,7.461538461538462,0.2135675573606056
1135,36.92307692307692,7.461538461538462,0.21547386486633752
1136,37.05128205128205,7.461538461538462,0.22325411436598408
1137,37.17948717948718,7.461538461538462,0.22325411436598408
1138,37.30769230769231,7.461538461538462,0.22397329766142474
1139,37.43589743589744,7.461538461538462,0.2327881028396324
1140,37.56410256410256,7.461538461538462,0.2327881028396324
1141,37.69230769230769,7.461538461538462,0.2338995130691294
1142,37.82051282051282,7.461538461538462,0.2338995130691294
1143,37.94871794871795,7.461538461538462,0.23389951306912934
1144,38.07692307692308,7.461538461538462,0.2346018246739312
1145,38.205128205128204,7.461538461538462,0.23552306077220028
1146,38.333333333333336,7.461538461538462,0.23552306077220028
1147,38.46153846153846,7.461538461538462,0.23552306077220028
1148,38.58974358974359,7.461538461538462,0.23552306077220028
1149,38.717948717948715,7.461538461538462,0.23605722133392312
1150,38.84615384615385,7.461538461538462,0.24254478489536133
1151,38.97435897435897,7.461538461538462,0.24409082751115574
1152,39.1025641025641,7.461538461538462,0.24953500150205402
1153,39.230769230769226,7.461538461538462,0.25354741763941696
1154,39.35897435897436,7.461538461538462,0.25354741763941696
1155,39.48717948717949,7.461538461538462,0.25537806986352757
1156,39.61538461538461,7.461538461538462,0.25537806986352757
1157,39.743589743589745,7.461538461538462,0.25585287266951645
1158,39.87179487179487,7.461538461538462,0.25623629387287555
1159,40.0,7.461538461538462,0.25623629387287555
1160,35.0,7.6923076923076925,0.1935992555222252
1161,35.12820512820513,7.6923076923076925,0.1947788673000636
1162,35.256410256410255,7.6923076923076925,0.19507255532039847
1163,35.38461538461539,7.6923076923076925,0.1995674695413873
1164,35.51282051282051,7.6923076923076925,0.1995674695413873
1165,35.64102564102564,7.6923076923076925,0.2009293314633759
1166,35.76923076923077,7.6923076923076925,0.20157584148141386
1167,35.8974358974359,7.6923076923076925,0.20263006376287215
1168,36.02564102564102,7.6923076923076925,0.20263006376287215
1169,36.15384615384615,7.6923076923076925,0.20263006376287215
1170,36.282051282051285,7.6923076923076925,0.208037889711531
1171,36.41025641025641,7.6923076923076925,0.208037889711531
1172,36.53846153846154,7.6923076923076925,0.2092630898920107
1173,36.666666666666664,7.6923076923076925,0.2135675573606056
1174,36.794871794871796,7.6923076923076925,0.2135675573606056
1175,36.92307692307692,7.6923076923076925,0.21547386486633752
1176,37.05128205128205,7.6923076923076925,0.22325411436598408
1177,37.17948717948718,7.6923076923076925,0.22325411436598408
1178,37.30769230769231,7.6923076923076925,0.22397329766142474
1179,37.43589743589744,7.6923076923076925,0.2327881028396324
1180,37.56410256410256,7.6923076923076925,0.2327881028396324
1181,37.69230769230769,7.6923076923076925,0.2338995130691294
1182,37.82051282051282,7.6923076923076925,0.2338995130691294
1183,37.94871794871795,7.6923076923076925,0.23389951306912934
1184,38.07692307692308,7.6923076923076925,0.2346018246739312
1185,38.205128205128204,7.6923076923076925,0.23552306077220028
1186,38.333333333333336,7.6923076923076925,0.23552306077220028
1187,38.46153846153846,7.6923076923076925,0.23552306077220028
1188,38.58974358974359,7.6923076923076925,0.23552306077220028
1189,38.717948717948715,7.6923076923076925,0.23605722133392312
1190,38.84615384615385,7.6923076923076925,0.24254478489536133
1191,38.97435897435897,7.6923076923076925,0.24409082751115574
1192,39.1025641025641,7.6923076923076925,0.24953500150205402
1193,39.230769230769226,7.6923076923076925,0.25354741763941696
1194,39.35897435897436,7.6923076923076925,0.25354741763941696
1195,39.48717948717949,7.6923076923076925,0.25537806986352757
1196,39.61538461538461,7.6923076923076925,0.25537806986352757
1197,39.743589743589745,7.6923076923076925,0.25585287266951645
1198,39.87179487179487,7.6923076923076925,0.25623629387287555
1199,40.0,7.6923076923076925,0.25623629387287555
1200,35.0,7.923076923076923,0.1935992555222252
1201,35.12820512820513,7.923076923076923,0.1947788673000636
1202,35.256410256410255,7.923076923076923,0.19507255532039847
1203,35.38461538461539,7.923076923076923,0.1995674695413873
1204,35.51282051282051,7.923076923076923,0.1995674695413873
1205,35.64102564102564,7.923076923076923,0.2009293314633759
1206,35.76923076923077,7.923076923076923,0.20157584148141386
1207,35.8974358974359,7.923076923076923,0.20263006376287215
1208,36.02564102564102,7.923076923076923,0.20263006376287215
1209,36.15384615384615,7.923076923076923,0.20263006376287215
1210,36.282051282051285,7.923076923076923,0.208037889711531
1211,36.41025641025641,7.923076923076923,0.208037889711531
1212,36.53846153846154,7.923076923076923,0.2092630898920107
1213,36.666666666666664,7.923076923076923,0.2135675573606056
1214,36.794871794871796,7.923076923076923,0.2135675573606056
1215,36.92307692307692,7.923076923076923,0.21547386486633752
1216,37.05128205128205,7.923076923076923,0.22325411436598408
1217,37.17948717948718,7.923076923076923,0.22325411436598408
1218,37.30769230769231,7.923076923076923,0.22397329766142474
1219,37.43589743589744,7.923076923076923,0.2327881028396324
1220,37.56410256410256,7.923076923076923,0.2327881028396324
1221,37.69230769230769,7.923076923076923,0.2338995130691294
1222,37.82051282051282,7.923076923076923,0.2338995130691294
1223,37.94871794871795,7.923076923076923,0.23389951306912934
1224,38.07692307692308,7.923076923076923,0.2346018246739312
1225,38.205128205128204,7.923076923076923,0.23552306077220028
1226,38.333333333333336,7.923076923076923,0.23552306077220028
1227,38.46153846153846,7.923076923076923,0.23552306077220028
1228,38.58974358974359,7.923076923076923,0.23552306077220028
1229,38.717948717948715,7.923076923076923,0.23605722133392312
1230,38.84615384615385,7.923076923076923,0.24254478489536133
1231,38.97435897435897,7.923076923076923,0.24409082751115574
1232,39.1025641025641,7.923076923076923,0.24953500150205402
1233,39.230769230769226,7.923076923076923,0.25354741763941696
1234,39.35897435897436,7.923076923076923,0.25354741763941696
1235,39.48717948717949,7.923076923076923,0.25537806986352757
1236,39.61538461538461,7.923076923076923,0.25537806986352757
1237,39.743589743589745,7.923076923076923,0.25585287266951645
1238,39.87179487179487,7.923076923076923,0.25623629387287555
1239,40.0,7.923076923076923,0.25623629387287555
1240,35.0,8.153846153846153,0.14440901972571318
1241,35.12820512820513,8.153846153846153,0.14604158731971964
1242,35.256410256410255,8.153846153846153,0.14767824310387245
1243,35.38461538461539,8.153846153846153,0.14767824310387245
1244,35.51282051282051,8.153846153846153,0.14767824310387245
1245,35.64102564102564,8.153846153846153,0.14767824310387245
1246,35.76923076923077,8.153846153846153,0.14767824310387245
1247,35.8974358974359,8.153846153846153,0.14931872093593979
1248,36.02564102564102,8.153846153846153,0.14931872093593979
1249,36.15384615384615,8.153846153846153,0.14931872093593979
1250,36.282051282051285,8.153846153846153,0.14931872093593979
1251,36.41025641025641,8.153846153846153,0.14931872093593979
1252,36.53846153846154,8.153846153846153,0.14931872093593979
1253,36.666666666666664,8.153846153846153,0.14983139047658997
1254,36.794871794871796,8.153846153846153,0.14983139047658997
1255,36.92307692307692,8.153846153846153,0.14983139047658997
1256,37.05128205128205,8.153846153846153,0.16620208908933456
1257,37.17948717948718,8.153846153846153,0.16620208908933456
1258,37.30769230769231,8.153846153846153,0.16620208908933456
1259,37.43589743589744,8.153846153846153,0.1677443725492614
1260,37.56410256410256,8.153846153846153,0.1677443725492614
1261,37.69230769230769,8.153846153846153,0.16923721492441124
1262,37.82051282051282,8.153846153846153,0.17003618022224282
1263,37.94871794871795,8.153846153846153,0.17003618022224282
1264,38.07692307692308,8.153846153846153,0.17233900922758003
1265,38.205128205128204,8.153846153846153,0.17381385666793958
1266,38.333333333333336,8.153846153846153,0.18602565103874133
1267,38.46153846153846,8.153846153846153,0.18747986796137164
1268,38.58974358974359,8.153846153846153,0.18747986796137164
1269,38.717948717948715,8.153846153846153,0.19035306208828903
1270,38.84615384615385,8.153846153846153,0.19035306208828903
1271,38.97435897435897,8.153846153846153,0.19035306208828903
1272,39.1025641025641,8.153846153846153,0.19544074636553407
1273,39.230769230769226,8.153846153846153,0.19544074636553407
1274,39.35897435897436,8.153846153846153,0.1961102592675857
1275,39.48717948717949,8.153846153846153,0.19777989639581808
1276,39.61538461538461,8.153846153846153,0.20277105996537673
1277,39.743589743589745,8.153846153846153,0.2030517226673132
1278,39.87179487179487,8.153846153846153,0.2030517226673132
1279,40.0,8.153846153846153,0.2079709375866824
1280,35.0,8.384615384615385,0.14440901972571318
1281,35.12820512820513,8.384615384615385,0.14604158731971964
1282,35.256410256410255,8.384615384615385,0.14767824310387245
1283,35.38461538461539,8.384615384615385,0.14767824310387245
1284,35.51282051282051,8.384615384615385,0.14767824310387245
1285,35.64102564102564,8.384615384615385,0.14767824310387245
1286,35.76923076923077,8.384615384615385,0.14767824310387245
1287,35.8974358974359,8.384615384615385,0.14931872093593979
1288,36.02564102564102,8.384615384615385,0.14931872093593979
1289,36.15384615384615,8.384615384615385,0.14931872093593979
1290,36.282051282051285,8.384615384615385,0.14931872093593979
1291,36.41025641025641,8.384615384615385,0.14931872093593979
1292,36.53846153846154,8.384615384615385,0.14931872093593979
1293,36.666666666666664,8.384615384615385,0.14983139047658997
1294,36.794871794871796,8.384615384615385,0.14983139047658997
1295,36.92307692307692,8.384615384615385,0.14983139047658997
1296,37.05128205128205,8.384615384615385,0.16620208908933456
1297,37.17948717948718,8.384615384615385,0.16620208908933456
1298,37.30769230769231,8.384615384615385,0.16620208908933456
1299,37.43589743589744,8.384615384615385,0.1677443725492614
1300,37.56410256410256,8.384615384615385,0.1677443725492614
1301,37.69230769230769,8.384615384615385,0.16923721492441124
1302,37.82051282051282,8.384615384615385,0.17003618022224282
1303,37.94871794871795,8.384615384615385,0.17003618022224282
1304,38.07692307692308,8.384615384615385,0.17233900922758003
1305,38.205128205128204,8.384615384615385,0.17381385666793958
1306,38.333333333333336,8.384615384615385,0.18602565103874133
1307,38.46153846153846,8.384615384615385,0.18747986796137164
1308,38.58974358974359,8.384615384615385,0.18747986796137164
1309,38.717948717948715,8.384615384615385,0.19035306208828903
1310,38.84615384615385,8.384615384615385,0.19035306208828903
1311,38.97435897435897,8.384615384615385,0.19035306208828903
1312,39.1025641025641,8.384615384615385,0.19544074636553407
1313,39.230769230769226,8.384615384615385,0.19544074636553407
1314,39.35897435897436,8.384615384615385,0.1961102592675857
1315,39.48717948717949,8.384615384615385,0.19777989639581808
1316,39.61538461538461,8.384615384615385,0.20277105996537673
1317,39.743589743589745,8.384615384615385,0.2030517226673132
1318,39.87179487179487,8.384615384615385,0.2030517226673132
1319,40.0,8.384615384615385,0.2079709375866824
1320,35.0,8.615384615384617,0.14440901972571318
1321,35.12820512820513,8.615384615384617,0.14604158731971964
1322,35.256410256410255,8.615384615384617,0.14767824310387245
1323,35.38461538461539,8.615384615384617,0.14767824310387245
1324,35.51282051282051,8.615384615384617,0.14767824310387245
1325,35.64102564102564,8.615384615384617,0.14767824310387245
1326,35.76923076923077,8.615384615384617,0.14767824310387245
1327,35.8974358974359,8.615384615384617,0.14931872093593979
1328,36.02564102564102,8.615384615384617,0.14931872093593979
1329,36.15384615384615,8.615384615384617,0.14931872093593979
1330,36.282051282051285,8.615384615384617,0.14931872093593979
1331,36.41025641025641,8.615384615384617,0.14931872093593979
1332,36.53846153846154,8.615384615384617,0.14931872093593979
1333,36.666666666666664,8.615384615384617,0.14983139047658997
1334,36.794871794871796,8.615384615384617,0.14983139047658997
1335,36.92307692307692,8.615384615384617,0.14983139047658997
1336,37.05128205128205,8.615384615384617,0.16620208908933456
1337,37.17948717948718,8.615384615384617,0.16620208908933456
1338,37.30769230769231,8.615384615384617,0.16620208908933456
1339,37.43589743589744,8.615384615384617,0.1677443725492614
1340,37.56410256410256,8.615384615384617,0.1677443725492614
1341,37.69230769230769,8.615384615384617,0.16923721492441124
1342,37.82051282051282,8.615384615384617,0.17003618022224282
1343,37.94871794871795,8.615384615384617,0.17003618022224282
1344,38.07692307692308,8.615384615384617,0.17233900922758003
1345,38.205128205128204,8.615384615384617,0.17381385666793958
1346,38.333333333333336,8.615384615384617,0.18602565103874133
1347,38.46153846153846,8.615384615384617,0.18747986796137164
1348,38.58974358974359,8.615384615384617,0.18747986796137164
1349,38.717948717948715,8.615384615384617,0.19035306208828903
1350,38.84615384615385,8.615384615384617,0.19035306208828903
1351,38.97435897435897,8.615384615384617,0.19035306208828903
1352,39.1025641025641,8.615384615384617,0.19544074636553407
1353,39.230769230769226,8.615384615384617,0.19544074636553407
1354,39.35897435897436,8.615384615384617,0.1961102592675857
1355,39.48717948717949,8.615384615384617,0.19777989639581808
1356,39.61538461538461,8.615384615384617,0.20277105996537673
1357,39.743589743589745,8.615384615384617,0.2030517226673132
1358,39.87179487179487,8.615384615384617,0.2030517226673132
1359,40.0,8.615384615384617,0.2079709375866824
1360,35.0,8.846153846153847,0.14440901972571318
1361,35.12820512820513,8.846153846153847,0.14604158731971964
1362,35.256410256410255,8.846153846153847,0.14767824310387245
1363,35.38461538461539,8.846153846153847,0.14767824310387245
1364,35.51282051282051,8.846153846153847,0.14767824310387245
1365,35.64102564102564,8.846153846153847,0.14767824310387245
1366,35.76923076923077,8.846153846153847,0.14767824310387245
1367,35.8974358974359,8.846153846153847,0.14931872093593979
1368,36.02564102564102,8.846153846153847,0.14931872093593979
1369,36.15384615384615,8.846153846153847,0.14931872093593979
1370,36.282051282051285,8.846153846153847,0.14931872093593979
1371,36.41025641025641,8.846153846153847,0.14931872093593979
1372,36.53846153846154,8.846153846153847,0.14931872093593979
1373,36.666666666666664,8.846153846153847,0.14983139047658997
1374,36.794871794871796,8.846153846153847,0.14983139047658997
1375,36.92307692307692,8.846153846153847,0.14983139047658997
1376,37.05128205128205,8.846153846153847,0.16620208908933456
1377,37.17948717948718,8.846153846153847,0.16620208908933456
1378,37.30769230769231,8.846153846153847,0.16620208908933456
1379,37.43589743589744,8.846153846153847,0.1677443725492614
1380,37.56410256410256,8.846153846153847,0.1677443725492614
1381,37.69230769230769,8.846153846153847,0.16923721492441124
1382,37.82051282051282,8.846153846153847,0.17003618022224282
1383,37.94871794871795,8.846153846153847,0.17003618022224282
1384,38.07692307692308,8.846153846153847,0.17233900922758003
1385,38.205128205128204,8.846153846153847,0.17381385666793958
1386,38.333333333333336,8.846153846153847,0.18602565103874133
1387,38.46153846153846,8.846153846153847,0.18747986796137164
1388,38.58974358974359,8.846153846153847,0.18747986796137164
1389,38.717948717948715,8.846153846153847,0.19035306208828903
1390,38.84615384615385,8.846153846153847,0.19035306208828903
1391,38.97435897435897,8.846153846153847,0.19035306208828903
1392,39.1025641025641,8.846153846153847,0.19544074636553407
1393,39.230769230769226,8.846153846153847,0.19544074636553407
1394,39.35897435897436,8.846153846153847,0.1961102592675857
1395,39.48717948717949,8.846153846153847,0.19777989639581808
1396,39.61538461538461,8.846153846153847,0.20277105996537673
1397,39.743589743589745,8.846153846153847,0.2030517226673132
1398,39.87179487179487,8.846153846153847,0.2030517226673132
1399,40.0,8.846153846153847,0.2079709375866824
1400,35.0,9.076923076923077,0.06523922196663101
1401,35.12820512820513,9.076923076923077,0.06523922196663101
1402,35.256410256410255,9.076923076923077,0.0675877571845308
1403,35.38461538461539,9.076923076923077,0.0675877571845308
1404,35.51282051282051,9.076923076923077,0.0675877571845308
1405,35.64102564102564,9.076923076923077,0.0675877571845308
1406,35.76923076923077,9.076923076923077,0.0675877571845308
1407,35.8974358974359,9.076923076923077,0.0675877571845308
1408,36.02564102564102,9.076923076923077,0.0675877571845308
1409,36.15384615384615,9.076923076923077,0.06907546376888712
1410,36.282051282051285,9.076923076923077,0.06907546376888712
1411,36.41025641025641,9.076923076923077,0.06907546376888712
1412,36.53846153846154,9.076923076923077,0.06907546376888712
1413,36.666666666666664,9.076923076923077,0.0782998890681659
1414,36.794871794871796,9.076923076923077,0.0782998890681659
1415,36.92307692307692,9.076923076923077,0.0782998890681659
1416,37.05128205128205,9.076923076923077,0.0826617111244776
1417,37.17948717948718,9.076923076923077,0.0826617111244776
1418,37.30769230769231,9.076923076923077,0.0826617111244776
1419,37.43589743589744,9.076923076923077,0.08483764827011792
1420,37.56410256410256,9.076923076923077,0.08483764827011792
1421,37.69230769230769,9.076923076923077,0.08483764827011792
1422,37.82051282051282,9.076923076923077,0.08483764827011792
1423,37.94871794871795,9.076923076923077,0.08483764827011792
1424,38.07692307692308,9.076923076923077,0.08483764827011792
1425,38.205128205128204,9.076923076923077,0.1050954560358387
1426,38.333333333333336,9.076923076923077,0.1050954560358387
1427,38.46153846153846,9.076923076923077,0.1050954560358387
1428,38.58974358974359,9.076923076923077,0.1050954560358387
1429,38.717948717948715,9.076923076923077,0.10868442669720817
1430,38.84615384615385,9.076923076923077,0.10868442669720817
1431,38.97435897435897,9.076923076923077,0.10868442669720817
1432,39.1025641025641,9.076923076923077,0.10868442669720817
1433,39.230769230769226,9.076923076923077,0.12762982356868488
1434,39.35897435897436,9.076923076923077,0.1541685184554308
1435,39.48717948717949,9.076923076923077,0.1541685184554308
1436,39.61538461538461,9.076923076923077,0.1541685184554308
1437,39.743589743589745,9.076923076923077,0.1541685184554308
1438,39.87179487179487,9.076923076923077,0.1541685184554308
1439,40.0,9.076923076923077,0.1541685184554308
1440,35.0,9.307692307692308,0.06523922196663101
1441,35.12820512820513,9.307692307692308,0.06523922196663101
1442,35.256410256410255,9.307692307692308,0.0675877571845308
1443,35.38461538461539,9.307692307692308,0.0675877571845308
1444,35.51282051282051,9.307692307692308,0.0675877571845308
1445,35.64102564102564,9.307692307692308,0.0675877571845308
1446,35.76923076923077,9.307692307692308,0.0675877571845308
1447,35.8974358974359,9.307692307692308,0.0675877571845308
1448,36.02564102564102,9.307692307692308,0.0675877571845308
1449,36.15384615384615,9.307692307692308,0.06907546376888712
1450,36.282051282051285,9.307692307692308,0.06907546376888712
1451,36.41025641025641,9.307692307692308,0.06907546376888712
1452,36.53846153846154,9.307692307692308,0.06907546376888712
1453,36.666666666666664,9.307692307692308,0.0782998890681659
1454,36.794871794871796,9.307692307692308,0.0782998890681659
1455,36.92307692307692,9.307692307692308,0.0782998890681659
1456,37.05128205128205,9.307692307692308,0.0826617111244776
1457,37.17948717948718,9.307692307692308,0.0826617111244776
1458,37.30769230769231,9.307692307692308,0.0826617111244776
1459,37.43589743589744,9.307692307692308,0.08483764827011792
1460,37.56410256410256,9.307692307692308,0.08483764827011792
1461,37.69230769230769,9.307692307692308,0.08483764827011792
1462,37.82051282051282,9.307692307692308,0.08483764827011792
1463,37.94871794871795,9.307692307692308,0.08483764827011792
1464,38.07692307692308,9.307692307692308,0.08483764827011792
1465,38.205128205128204,9.307692307692308,0.1050954560358387
1466,38.333333333333336,9.307692307692308,0.1050954560358387
1467,38.46153846153846,9.307692307692308,0.1050954560358387
1468,38.58974358974359,9.307692307692308,0.1050954560358387
1469,38.717948717948715,9.307692307692308,0.10868442669720817
1470,38.84615384615385,9.307692307692308,0.10868442669720817
1471,38.97435897435897,9.307692307692308,0.10868442669720817
1472,39.1025641025641,9.307692307692308,0.10868442669720817
1473,39.230769230769226,9.307692307692308,0.12762982356868488
1474,39.35897435897436,9.307692307692308,0.1541685184554308
1475,39.48717948717949,9.307692307692308,0.1541685184554308
1476,39.61538461538461,9.307692307692308,0.1541685184554308
1477,39.743589743589745,9.307692307692308,0.1541685184554308
1478,39.87179487179487,9.307692307692308,0.1541685184554308
1479,40.0,9.307692307692308,0.1541685184554308
1480,35.0,9.538461538461538,0.06523922196663101
1481,35.12820512820513,9.538461538461538,0.06523922196663101
1482,35.256410256410255,9.538461538461538,0.0675877571845308
1483,35.38461538461539,9.538461538461538,0.0675877571845308
1484,35.51282051282051,9.538461538461538,0.0675877571845308
1485,35.64102564102564,9.538461538461538,0.0675877571845308
1486,35.76923076923077,9.538461538461538,0.0675877571845308
1487,35.8974358974359,9.538461538461538,0.0675877571845308
1488,36.02564102564102,9.538461538461538,0.0675877571845308
1489,36.15384615384615,9.538461538461538,0.06907546376888712
1490,36.282051282051285,9.538461538461538,0.06907546376888712
1491,36.41025641025641,9.538461538461538,0.06907546376888712
1492,36.53846153846154,9.538461538461538,0.06907546376888712
1493,36.666666666666664,9.538461538461538,0.0782998890681659
1494,36.794871794871796,9.538461538461538,0.0782998890681659
1495,36.92307692307692,9.538461538461538,0.0782998890681659
1496,37.05128205128205,9.538461538461538,0.0826617111244776
1497,37.17948717948718,9.538461538461538,0.0826617111244776
1498,37.30769230769231,9.538461538461538,0.0826617111244776
1499,37.43589743589744,9.538461538461538,0.08483764827011792
1500,37.56410256410256,9.538461538461538,0.08483764827011792
1501,37.69230769230769,9.538461538461538,0.08483764827011792
1502,37.82051282051282,9.538461538461538,0.08483764827011792
1503,37.94871794871795,9.538461538461538,0.08483764827011792
1504,38.07692307692308,9.538461538461538,0.08483764827011792
1505,38.205128205128204,9.538461538461538,0.1050954560358387
1506,38.333333333333336,9.538461538461538,0.1050954560358387
1507,38.46153846153846,9.538461538461538,0.1050954560358387
1508,38.58974358974359,9.538461538461538,0.1050954560358387
1509,38.717948717948715,9.538461538461538,0.10868442669720817
1510,38.84615384615385,9.538461538461538,0.10868442669720817
1511,38.97435897435897,9.538461538461538,0.10868442669720817
1512,39.1025641025641,9.538461538461538,0.10868442669720817
1513,39.230769230769226,9.538461538461538,0.12762982356868488
1514,39.35897435897436,9.538461538461538,0.1541685184554308
1515,39.48717948717949,9.538461538461538,0.1541685184554308
1516,39.61538461538461,9.538461538461538,0.1541685184554308
1517,39.743589743589745,9.538461538461538,0.1541685184554308
1518,39.87179487179487,9.538461538461538,0.1541685184554308
1519,40.0,9.538461538461538,0.1541685184554308
1520,35.0,9.76923076923077,0.06523922196663101
1521,35.12820512820513,9.76923076923077,0.06523922196663101
1522,35.256410256410255,9.76923076923077,0.0675877571845308
1523,35.38461538461539,9.76923076923077,0.0675877571845308
1524,35.51282051282051,9.76923076923077,0.0675877571845308
1525,35.64102564102564,9.76923076923077,0.0675877571845308
1526,35.76923076923077,9.76923076923077,0.0675877571845308
1527,35.8974358974359,9.76923076923077,0.0675877571845308
1528,36.02564102564102,9.76923076923077,0.0675877571845308
1529,36.15384615384615,9.76923076923077,0.06907546376888712
1530,36.282051282051285,9.76923076923077,0.06907546376888712
1531,36.41025641025641,9.76923076923077,0.06907546376888712
1532,36.53846153846154,9.76923076923077,0.06907546376888712
1533,36.666666666666664,9.76923076923077,0.0782998890681659
1534,36.794871794871796,9.76923076923077,0.0782998890681659
1535,36.92307692307692,9.76923076923077,0.0782998890681659
1536,37.05128205128205,9.76923076923077,0.0826617111244776
1537,37.17948717948718,9.76923076923077,0.0826617111244776
1538,37.30769230769231,9.76923076923077,0.0826617111244776
1539,37.43589743589744,9.76923076923077,0.08483764827011792
1540,37.56410256410256,9.76923076923077,0.08483764827011792
1541,37.69230769230769,9.76923076923077,0.08483764827011792
1542,37.82051282051282,9.76923076923077,0.08483764827011792
1543,37.94871794871795,9.76923076923077,0.08483764827011792
1544,38.07692307692308,9.76923076923077,0.08483764827011792
1545,38.205128205128204,9.76923076923077,0.1050954560358387
1546,38.333333333333336,9.76923076923077,0.1050954560358387
1547,38.46153846153846,9.76923076923077,0.1050954560358387
1548,38.58974358974359,9.76923076923077,0.1050954560358387
1549,38.717948717948715,9.76923076923077,0.10868442669720817
1550,38.84615384615385,9.76923076923077,0.10868442669720817
1551,38.97435897435897,9.76923076923077,0.10868442669720817
1552,39.1025641025641,9.76923076923077,0.10868442669720817
1553,39.230769230769226,9.76923076923077,0.12762982356868488
1554,39.35897435897436,9.76923076923077,0.1541685184554308
1555,39.48717948717949,9.76923076923077,0.1541685184554308
1556,39.61538461538461,9.76923076923077,0.1541685184554308
1557,39.743589743589745,9.76923076923077,0.1541685184554308
1558,39.87179487179487,9.76923076923077,0.1541685184554308
1559,40.0,9.76923076923077,0.1541685184554308
1560,35.0,10.0,0.06523922196663101
1561,35.12820512820513,10.0,0.06523922196663101
1562,35.256410256410255,10.0,0.0675877571845308
1563,35.38461538461539,10.0,0.0675877571845308
1564,35.51282051282051,10.0,0.0675877571845308
1565,35.64102564102564,10.0,0.0675877571845308
1566,35.76923076923077,10.0,0.0675877571845308
1567,35.8974358974359,10.0,0.0675877571845308
1568,36.02564102564102,10.0,0.0675877571845308
1569,36.15384615384615,10.0,0.06907546376888712
1570,36.282051282051285,10.0,0.06907546376888712
1571,36.41025641025641,10.0,0.06907546376888712
1572,36.53846153846154,10.0,0.06907546376888712
1573,36.666666666666664,10.0,0.0782998890681659
1574,36.794871794871796,10.0,0.0782998890681659
1575,36.92307692307692,10.0,0.0782998890681659
1576,37.05128205128205,10.0,0.0826617111244776
1577,37.17948717948718,10.0,0.0826617111244776
1578,37.30769230769231,10.0,0.0826617111244776
1579,37.43589743589744,10.0,0.08483764827011792
1580,37.56410256410256,10.0,0.08483764827011792
1581,37.69230769230769,10.0,0.08483764827011792
1582,37.82051282051282,10.0,0.08483764827011792
1583,37.94871794871795,10.0,0.08483764827011792
1584,38.07692307692308,10.0,0.08483764827011792
1585,38.205128205128204,10.0,0.1050954560358387
1586,38.333333333333336,10.0,0.1050954560358387
1587,38.46153846153846,10.0,0.1050954560358387
1588,38.58974358974359,10.0,0.1050954560358387
1589,38.717948717948715,10.0,0.10868442669720817
1590,38.84615384615385,10.0,0.10868442669720817
1591,38.97435897435897,10.0,0.10868442669720817
1592,39.1025641025641,10.0,0.10868442669720817
1593,39.230769230769226,10.0,0.12762982356868488
1594,39.35897435897436,10.0,0.1541685184554308
1595,39.48717948717949,10.0,0.1541685184554308
1596,39.61538461538461,10.0,0.1541685184554308
1597,39.743589743589745,10.0,0.1541685184554308
1598,39.87179487179487,10.0,0.1541685184554308
1599,40.0,10.0,0.1541685184554308
