,validation,train
0,0.6852503001689911,0.6910490721464158
1,0.6568788409233093,0.6764848917722702
2,0.6076859176158905,0.6330965220928192
3,0.5641903877258301,0.5827877968549728
4,0.5243391707539559,0.5420876517891884
5,0.48762496560811996,0.50365831553936
6,0.4582726418972015,0.4717839196324348
7,0.43328686952590945,0.44625736624002454
8,0.41334563344717024,0.4242902725934982
9,0.3985675036907196,0.4081240355968475
10,0.38758699893951415,0.3959769636392593
11,0.3777750790119171,0.38568270653486253
12,0.3704451352357864,0.3783655747771263
13,0.36479001566767694,0.3712019741535187
14,0.3587049826979637,0.36527246087789533
15,0.3546602725982666,0.3601910904049873
16,0.3503726042807102,0.3561870865523815
17,0.344799616932869,0.35215928927063944
18,0.34081029891967773,0.3488137945532799
19,0.33801462054252623,0.34586300551891325
20,0.3336942054331303,0.3418702699244022
21,0.33221856206655503,0.33773516714572904
22,0.328598453104496,0.33541684299707414
23,0.32642456591129304,0.3333340160548687
24,0.3233455494046211,0.33106778785586355
25,0.32156374156475065,0.3291683293879032
26,0.32056041359901427,0.32712173238396647
27,0.3180851057171822,0.3253288805484772
28,0.3147525072097778,0.32242926135659217
29,0.31355982795357706,0.32106033340096474
30,0.3125095121562481,0.31944951713085173
31,0.3110074818134308,0.31769526526331904
32,0.30925163850188253,0.31663121432065966
33,0.306905172765255,0.3147128336131573
34,0.304790536314249,0.3129138648509979
35,0.30418687388300897,0.3121498882770538
36,0.30215286239981654,0.3107296980917454
37,0.3005805142223835,0.30960352420806886
38,0.2997930057346821,0.30785393714904785
39,0.29880883544683456,0.30711648613214493
40,0.2972528263926506,0.30500468611717224
41,0.2953129462897778,0.3044901333749294
42,0.2950783923268318,0.3030905403196812
43,0.2939896695315838,0.3018616557121277
44,0.2919415093958378,0.3022352196276188
45,0.29070613980293275,0.29978897497057916
46,0.29104398638010026,0.29957216829061506
47,0.28903811499476434,0.29743110090494157
48,0.288703715056181,0.2964982964098454
49,0.28820298835635183,0.2963207721710205
50,0.2856797218322754,0.29530161023139956
51,0.28487633243203164,0.29428558945655825
52,0.28475442752242086,0.29361024498939514
53,0.28345932364463805,0.2921363368630409
54,0.2847362220287323,0.2929412081837654
55,0.2832684487104416,0.2909403063356876
56,0.28068447560071946,0.2902280241250992
57,0.2822327747941017,0.2903167396783829
58,0.28186743780970575,0.29068891182541845
59,0.2795843847095966,0.289106897264719
60,0.27956333979964254,0.28890085220336914
61,0.27905450463294984,0.28901585265994073
62,0.2790744714438915,0.2881548121571541
63,0.27875170558691026,0.28716548085212706
64,0.27783930748701097,0.2851731590926647
65,0.27731528133153915,0.2859721206128597
66,0.27696945443749427,0.2855155237019062
67,0.2755197320133448,0.28491359800100324
68,0.27520509995520115,0.28389698788523676
69,0.27488874532282354,0.28342997953295707
70,0.27374795638024807,0.28261724933981897
71,0.2733252290636301,0.28176153972744944
72,0.2740195509046316,0.2820697665214539
73,0.2734075769782066,0.28143162876367567
74,0.27145183049142363,0.27951632142066957
75,0.2710636481642723,0.2794479958713055
76,0.2705497559159994,0.2783633805811405
77,0.2692531768232584,0.278107412904501
78,0.2691998716443777,0.2771566990762949
79,0.2690073173493147,0.2776637554168701
80,0.2678057935088873,0.27813349589705466
81,0.26648067459464075,0.27675883695483205
82,0.26873408667743204,0.27520238161087035
83,0.26584592685103414,0.27493370808660983
84,0.2656473372131586,0.27505828738212584
85,0.2664692740887403,0.2752158597111702
86,0.2647749237716198,0.2748915731906891
87,0.26417971663177015,0.2734871950000525
88,0.2631457194685936,0.2737030521035194
89,0.2642359632998705,0.27302979566156865
90,0.26410870999097824,0.27252434343099596
91,0.26295377910137174,0.27282464019954206
92,0.26388167403638363,0.27184306010603904
93,0.2630646102130413,0.27096693590283394
94,0.2621771104633808,0.2710496887564659
95,0.26072135418653486,0.27018567696213724
96,0.2630871791392565,0.27075254917144775
97,0.2613958179950714,0.2702116869390011
98,0.26009606309235095,0.2694942642003298
99,0.2627901345491409,0.2702743787318468
100,0.25971572287380695,0.26947233974933626
101,0.26185412555932996,0.2682858482003212
102,0.25953250415623186,0.26781526356935503
103,0.2583624698221684,0.26717848777770997
104,0.2578958302736282,0.2667517937719822
105,0.2571493431925774,0.2680417288094759
106,0.2558435447514057,0.2665923971682787
107,0.25570517145097255,0.26664781384170055
108,0.25539710819721223,0.26597290076315405
109,0.25605465546250344,0.26497146636247637
110,0.25559262186288834,0.26569322161376474
111,0.2557947155088186,0.2649259019643068
112,0.2558975871652365,0.2647733502089977
113,0.2553586944937706,0.2631937969475985
114,0.2535553783178329,0.2626643095165491
115,0.2529665756970644,0.2628968846052885
116,0.2542785178869963,0.2614817015826702
117,0.2509188406169415,0.2606962949037552
118,0.25166287906467916,0.2602193716913462
119,0.25059180445969104,0.26072461642324923
120,0.2519019402563572,0.25956033244729043
121,0.2511404111981392,0.25945672355592253
122,0.25084716714918615,0.2590259689837694
123,0.25010668113827705,0.25863911025226116
124,0.24878841638565063,0.25797930881381037
125,0.2500787891447544,0.2587168663740158
126,0.2487305998802185,0.257447487488389
127,0.24940183833241464,0.25730918496847155
128,0.24696504808962344,0.25688316076993944
129,0.25011902637779715,0.2558159690350294
130,0.24740228056907654,0.25612816885113715
131,0.247868212684989,0.2557175260037184
132,0.247428160533309,0.2567678764462471
133,0.24692138861864804,0.255602341145277
134,0.24687901996076106,0.25448052026331425
135,0.24610928818583488,0.2557637423276901
136,0.24566753208637238,0.2551002323627472
137,0.24397492706775664,0.2542553525418043
138,0.24431202225387097,0.25342560559511185
139,0.2445044431835413,0.25290200524032114
140,0.247107070684433,0.2542664423584938
141,0.2437706395983696,0.25315143875777724
142,0.2446484250947833,0.252602780982852
143,0.24301647618412972,0.2524651765823364
144,0.24552247300744057,0.25229826383292675
145,0.24386999271810056,0.25133034475147725
146,0.24156752564013004,0.2510253593325615
147,0.24340473674237728,0.25048565305769444
148,0.2436165425926447,0.25098449885845187
149,0.24119744412600994,0.2500961605459452
150,0.2419875543564558,0.24928924441337585
151,0.2404894333332777,0.24898488633334637
152,0.2415428439155221,0.24861236698925496
153,0.2408830877393484,0.2494107276201248
154,0.24237806014716626,0.2499678861349821
155,0.2400760527700186,0.2483721859753132
156,0.24011245537549258,0.24877993650734426
157,0.24111532848328351,0.2483227115124464
158,0.24058127999305726,0.24780071564018727
159,0.24280554801225662,0.2482079066336155
160,0.24050224311649798,0.24879337549209596
161,0.23856368996202945,0.2470825206488371
162,0.23986356966197492,0.24751163348555566
163,0.23901980817317964,0.24690461196005345
164,0.23876654244959356,0.2468222225084901
165,0.23817694876343012,0.2451318096369505
166,0.2372055731713772,0.24580370727926493
167,0.23970555663108825,0.24526845142245293
168,0.23792292624711991,0.2450839901342988
169,0.23683968614786863,0.24521324299275876
170,0.23770767450332642,0.24486653935164213
171,0.23799992240965367,0.24516052845865488
172,0.23537113070487975,0.24431672506034374
173,0.23619262278079986,0.2439520176500082
174,0.2365235321223736,0.24458520505577325
175,0.2381906883791089,0.24477537963539361
176,0.23631236422806978,0.24417569264769554
177,0.23314249627292155,0.24336727522313595
178,0.23447942789644002,0.2433460209518671
179,0.23335253428667785,0.24257318899035454
180,0.23534794412553312,0.24247312247753144
181,0.23579179234802722,0.24224539436399936
182,0.23516905978322028,0.2419672915711999
183,0.23602197729051114,0.24248448964208363
184,0.23587122820317746,0.24323406368494033
185,0.23379195015877485,0.24075109399855138
186,0.23200464248657227,0.24091745689511299
187,0.2333138830959797,0.241123135574162
188,0.2317150378599763,0.2398170979693532
189,0.23349460083991289,0.24079907927662134
190,0.2351221363991499,0.23915270194411278
191,0.231371034309268,0.24028184004127978
192,0.2322034766897559,0.23971638102084397
193,0.2303435955196619,0.23837874811142684
194,0.23124685138463974,0.2390409830957651
195,0.23298378717154264,0.23793884683400393
196,0.22950456105172634,0.23907185681164264
197,0.2305895946919918,0.2382887380197644
198,0.23057804964482784,0.23873020131140948
199,0.2285207325592637,0.23855767138302325
200,0.23081598654389382,0.23596777729690074
201,0.22814825270324945,0.23645462226122618
202,0.2298510542139411,0.2362637400627136
203,0.22909962236881257,0.235820890404284
204,0.22955742124468087,0.23656903766095638
205,0.23070058282464742,0.23558591008186341
206,0.22655086182057857,0.23722636699676514
207,0.22622702177613974,0.23515989035367965
208,0.22806254029273987,0.23318201266229152
209,0.22603537663817405,0.23387211784720421
210,0.22515029031783343,0.23364720027893782
211,0.2268655901774764,0.2329250605776906
212,0.2251925202086568,0.23214778676629066
213,0.22597457617521285,0.23182225599884987
214,0.22609250210225582,0.232602453045547
215,0.22219360675662755,0.23063798062503338
216,0.22297644149512053,0.23025263883173466
217,0.22109356839209796,0.22907437272369863
218,0.22267258018255234,0.22971642073243856
219,0.22071983218193053,0.22750452160835266
220,0.2170474972575903,0.22603352572768926
221,0.2185617357492447,0.22615065462887288
222,0.21917529329657554,0.2260443452745676
223,0.21726676393300295,0.22487637847661973
224,0.21646556742489337,0.2235555000603199
225,0.21437419448047876,0.22287409286946058
226,0.21947830058634282,0.2225212946534157
227,0.2144231114536524,0.22384373620152473
228,0.2142156258225441,0.22227042745798825
229,0.21417566984891892,0.2221355378627777
230,0.21317647825926542,0.2216754799708724
231,0.21080967038869858,0.21985606625676155
232,0.21467642150819302,0.2207291515544057
233,0.2123694347217679,0.21909439526498317
234,0.21005744133144616,0.22030509933829306
235,0.21029859613627194,0.21897353362292052
236,0.21182036213576794,0.2174550700932741
237,0.20953946392983197,0.21816629096865653
238,0.2081866255030036,0.21708580181002618
239,0.2105883164331317,0.21625400390475988
240,0.20839105509221553,0.21741789691150187
241,0.20730338618159294,0.21576558630913495
242,0.20940706972032785,0.21505605652928353
243,0.20663516875356436,0.2145072588697076
244,0.2114787632599473,0.2149128856137395
245,0.20711713749915361,0.2150222634896636
246,0.20795981194823981,0.2135115060955286
247,0.2072322813794017,0.21462989877909422
248,0.20956368762999772,0.21374588645994663
249,0.20505404770374297,0.2140352578833699
250,0.2040643086656928,0.2138836147263646
251,0.205810272321105,0.21375830080360175
252,0.20456669628620147,0.21273459643125534
253,0.20773904640227556,0.21154304575175048
254,0.2029074214398861,0.21158646307885648
255,0.2057903502136469,0.2124234437942505
256,0.2066489478573203,0.2124591639265418
257,0.20558303501456976,0.2113934149965644
258,0.20159372854977847,0.21057007126510144
259,0.20226554609835148,0.2091212822124362
260,0.2025903694331646,0.20953744761645793
261,0.20254630800336598,0.2103492384776473
262,0.20200287234038114,0.20976726077497004
263,0.20342553816735745,0.20907261613756417
264,0.19979708958417178,0.20978008769452572
265,0.19999024365097284,0.208530667796731
266,0.20355588030070065,0.20788863096386195
267,0.20095409024506808,0.20593407172709705
268,0.20049342103302478,0.20664527975022792
269,0.1976384252309799,0.20583172049373388
270,0.1991806896403432,0.204348561167717
271,0.19552460461854934,0.20497052893042564
272,0.19851026348769665,0.20343102961778642
273,0.19501356687396765,0.20198550671339036
274,0.19395536202937363,0.20262630600482226
275,0.19463330116122962,0.20212178453803062
276,0.1966633189469576,0.2010658323764801
277,0.1937061883509159,0.20065637417137622
278,0.19222156144678593,0.20261131171137095
279,0.19115706253796816,0.1987478980794549
280,0.19168613757938147,0.19694699048995973
281,0.19241747222840785,0.19826802834868432
282,0.19063711762428284,0.19967349115759134
283,0.19033423531800508,0.19702637679874896
284,0.1904578272253275,0.19665910638868808
285,0.19121758565306662,0.1965688033029437
286,0.19084685519337655,0.19534702971577644
287,0.18848597835749387,0.19752804338932037
288,0.1882352665066719,0.19546124935150147
289,0.19086070843040942,0.19465958420187235
290,0.1875622719526291,0.19534604176878928
291,0.1888558752834797,0.19559771344065666
292,0.18894483726471661,0.19336761254817247
293,0.1864763293415308,0.19379955977201463
294,0.18907463364303112,0.19485861733555793
295,0.18458931799978018,0.19472124837338925
296,0.1870755385607481,0.19318571109324695
297,0.18683004789054394,0.19460069946944714
298,0.18632289431989194,0.19293006230145693
299,0.18520133141428233,0.1909700356423855
300,0.1842237301170826,0.19152150452136993
301,0.18438050895929337,0.1915512638166547
302,0.1852211780846119,0.19280298333615065
303,0.18430564533919097,0.1928665407001972
304,0.18574803248047828,0.19238127190619708
305,0.18702872525900602,0.1913002323359251
306,0.18438876904547213,0.18906904067844152
307,0.18368033766746522,0.19058956280350686
308,0.18528502378612757,0.19039655812084674
309,0.18319780062884092,0.19258421324193478
310,0.18325844164937735,0.1901089357212186
311,0.18596550300717354,0.18993879053741694
312,0.17962472178041936,0.18863211050629616
313,0.18142996430397035,0.18801978789269924
314,0.1830541519448161,0.18927197400480508
315,0.18201185818761587,0.1885641071945429
316,0.18296218663454056,0.19031363409012556
317,0.18221792317926883,0.18919298127293588
318,0.18291036542505026,0.19095464535057544
319,0.17928884383291005,0.18876240830868482
320,0.1792904047295451,0.1879355452954769
321,0.18036664202809333,0.1869575833901763
322,0.18129866048693657,0.18654098063707353
323,0.1789150394499302,0.18783029001206158
324,0.18056479133665562,0.18656962905079127
325,0.18156718593090773,0.18633853904902936
326,0.1802845038473606,0.18894768003374338
327,0.1767498789355159,0.18675878848880528
328,0.1799348598346114,0.1873754510655999
329,0.18081762529909612,0.18577907215803863
330,0.17725620828568936,0.18450873903930187
331,0.17571446523070336,0.18575774375349283
332,0.1778808359056711,0.18510587494820357
333,0.17815483100712298,0.1846340648829937
334,0.1765716047026217,0.1840725952759385
335,0.17826360575854777,0.1841367268934846
336,0.17811837326735258,0.18405737057328225
337,0.17505219709128142,0.18215183895081283
338,0.1760118804872036,0.1841463427990675
339,0.17485662195831536,0.18366024382412433
340,0.17464068606495858,0.181778871268034
341,0.1728682780638337,0.18230017870664597
342,0.1743716372177005,0.18040412086993457
343,0.17446466833353041,0.18250653129070998
344,0.1728085486218333,0.17951045725494624
345,0.17219882598146796,0.1792181920260191
346,0.17079721186310054,0.18065954688936472
347,0.1757218439131975,0.18010009471327065
348,0.1706491369754076,0.177574697509408
349,0.16749265659600496,0.17685105111449956
350,0.16786479540169238,0.17683319319039584
351,0.1672657748684287,0.17624815963208676
352,0.1669385466724634,0.1757521877065301
353,0.1685953076928854,0.17516309060156346
354,0.16810743641108275,0.17485712021589278
355,0.1697478286921978,0.17603766750544309
356,0.1674567550420761,0.17593335323035716
357,0.16532759089022875,0.17560824435204267
358,0.1666821151971817,0.17618004214018584
359,0.1688405303284526,0.1737504206597805
360,0.16611105985939503,0.17413416933268308
361,0.16264743926003575,0.17221371326595544
362,0.1653875967487693,0.1732031276449561
363,0.16531546115875245,0.17333905603736638
364,0.16796805523335934,0.17415941394865514
365,0.16703765280544758,0.17282106764614583
366,0.16607038900256157,0.17281014043837786
367,0.1648558307439089,0.1711273593828082
368,0.17022998053580524,0.1729349821805954
369,0.16412107441574336,0.17232169937342406
370,0.17394587248563767,0.17147078793495893
371,0.1634193819016218,0.17207486890256404
372,0.16626253724098206,0.17089210115373135
373,0.16429339833557605,0.1721232071518898
374,0.16100332085043192,0.17021708898246288
375,0.1615337211638689,0.1704661836847663
376,0.16399471554905176,0.1713965969160199
377,0.16343885399401187,0.1709068424999714
378,0.1623695371672511,0.17093249280005693
379,0.16059940513223409,0.17080778162926435
380,0.1634050326421857,0.16956240963190794
381,0.1610068845562637,0.17098810374736786
382,0.16270313113927842,0.16915217516943812
383,0.16072784550487995,0.16910551236942412
384,0.16301574874669314,0.1686662731692195
385,0.1593875152990222,0.16862969286739826
386,0.1628219386562705,0.16875673681497574
387,0.1587725132703781,0.1674534672871232
388,0.16237061452120544,0.16698606545105577
389,0.15952513441443444,0.16643667593598366
390,0.1592389490455389,0.16821950785815715
391,0.1618737004697323,0.16816557850688696
392,0.15938555561006068,0.16814614757895469
393,0.16094634179025888,0.16621975414454937
394,0.15817034598439933,0.16599313784390687
395,0.16136331725865602,0.16677153669297695
396,0.15747188795357941,0.16807340160012246
397,0.1575166067108512,0.1699199603870511
398,0.1602230913937092,0.1650296425446868
399,0.15731242019683123,0.16574724223464726
400,0.6874703288078308,0.6918365657329559
401,0.6661558955907821,0.6826820552349091
402,0.6164525926113129,0.6456297308206558
403,0.574609138071537,0.5959153950214386
404,0.5442279532551766,0.5608477771282196
405,0.5178207397460938,0.5339572116732597
406,0.49223627150058746,0.5086472421884537
407,0.46613077223300936,0.48412000983953474
408,0.44064682722091675,0.4588367432355881
409,0.4182993918657303,0.4352255418896675
410,0.4013592407107353,0.4167905107140541
411,0.387762114405632,0.4025681182742119
412,0.37776416838169097,0.391856686770916
413,0.3700879529118538,0.3824395164847374
414,0.36170482337474824,0.3746534511446953
415,0.3551018856465816,0.3671818435192108
416,0.3502548985183239,0.36157543361186983
417,0.345109174400568,0.35662170574069024
418,0.34113979116082194,0.35263841301202775
419,0.3368438549339771,0.3473743870854378
420,0.3334562793374062,0.34453619867563245
421,0.33033850193023684,0.34007358700037005
422,0.3268436647951603,0.337033923715353
423,0.32479587122797965,0.33427726551890374
424,0.3209548108279705,0.33163428828120234
425,0.31885819509625435,0.32889075949788094
426,0.3173975430428982,0.32718090116977694
427,0.3155683144927025,0.3247272938489914
428,0.3132471300661564,0.32260203585028646
429,0.3106110692024231,0.3209139436483383
430,0.30947006270289423,0.3195197992026806
431,0.3085684277117252,0.3182696707546711
432,0.3055949777364731,0.3165374271571636
433,0.30491346046328544,0.31446396335959437
434,0.3042943082749844,0.31294639930129053
435,0.30279618203639985,0.3118266865611076
436,0.3023790717124939,0.31079000011086466
437,0.2993774488568306,0.30953579396009445
438,0.29933958128094673,0.30808521807193756
439,0.2973748207092285,0.3080609552562237
440,0.2961425639688969,0.3062163397669792
441,0.2956750519573689,0.30528355315327643
442,0.29454227685928347,0.3043328158557415
443,0.29365216568112373,0.3032157473266125
444,0.2919762507081032,0.30177305415272715
445,0.290698678791523,0.30118266195058824
446,0.28966218382120135,0.29956113621592523
447,0.28985054045915604,0.2982990577816963
448,0.2885169357061386,0.298277348279953
449,0.2879490561783314,0.29708349257707595
450,0.28684885427355766,0.2964054509997368
451,0.2862751968204975,0.2946951501071453
452,0.2852459192276001,0.2947113700211048
453,0.2846993297338486,0.2936656728386879
454,0.28409563601016996,0.2931562103331089
455,0.2827294319868088,0.291417083889246
456,0.28154261112213136,0.2915982775390148
457,0.2814130574464798,0.29028783217072485
458,0.2809793032705784,0.28915577605366705
459,0.2794611893594265,0.28895643949508665
460,0.2784185014665127,0.28872266635298727
461,0.2774477034807205,0.2877280004322529
462,0.27783398404717446,0.28727356940507887
463,0.27687517181038857,0.2864967197179794
464,0.2766035679727793,0.28632786497473717
465,0.2747497297823429,0.2849758192896843
466,0.27598190158605573,0.2846152938902378
467,0.2746275559067726,0.28430607318878176
468,0.272832141071558,0.28319647163152695
469,0.27185930386185647,0.2825101174414158
470,0.2727577850222588,0.2816550977528095
471,0.27038081176579,0.2810633882880211
472,0.2720216363668442,0.2801424190402031
473,0.27005285024642944,0.2807451032102108
474,0.27029223293066024,0.2800508663058281
475,0.26995438933372495,0.27967599779367447
476,0.26944194696843626,0.2789640583097935
477,0.2688951101154089,0.2782069981098175
478,0.26930265240371226,0.27829689234495164
479,0.26807687170803546,0.2774543084204197
480,0.2688070949167013,0.27684796154499053
481,0.267382974550128,0.2763377718627453
482,0.26615931279957294,0.27682177871465685
483,0.2664440669119358,0.27625581324100495
484,0.2658193323761225,0.27506583631038667
485,0.2657830439507961,0.2748420491814613
486,0.26496657319366934,0.27516103386878965
487,0.26619752645492556,0.27427724450826646
488,0.2649065800011158,0.2746233858168125
489,0.2642941907048225,0.2741846598684788
490,0.26367777958512306,0.27332404293119905
491,0.2631672203540802,0.2729708392173052
492,0.26402004174888133,0.27255959510803224
493,0.2636591367423534,0.2725491296499968
494,0.26269317530095576,0.2714143507182598
495,0.26154747866094114,0.27231443449854853
496,0.26269054412841797,0.27064460664987566
497,0.26180423721671103,0.270243713259697
498,0.26021229177713395,0.27055819407105447
499,0.2595644235610962,0.26963500790297984
500,0.2590151898562908,0.26890517845749856
501,0.25869145542383193,0.2689272969961166
502,0.2585199952125549,0.26811715923249724
503,0.2563593864440918,0.26730439364910125
504,0.25684163756668565,0.2677792586386204
505,0.25859456732869146,0.2668439470231533
506,0.25784496366977694,0.2674082025885582
507,0.25680494904518125,0.26615347191691396
508,0.2563073217868805,0.26638971008360385
509,0.2561560902744532,0.2655578047037125
510,0.25702582746744157,0.26473274566233157
511,0.2564093887805939,0.2651974022388458
512,0.2547996900975704,0.26493667513132096
513,0.2552412752062082,0.26345011331140994
514,0.2551399879157543,0.26390331611037254
515,0.25444497913122177,0.2630506880581379
516,0.2533929217606783,0.2629816237837076
517,0.25428319796919824,0.26380467042326927
518,0.2530098453164101,0.26268527992069723
519,0.2533340260386467,0.26209838651120665
520,0.2541227001696825,0.26168186999857423
521,0.25191435068845747,0.26160914786159994
522,0.2523570541292429,0.2612314671278
523,0.25087919309735296,0.260995677113533
524,0.25307754054665565,0.2606749776750803
525,0.25155124329030515,0.2600173126906157
526,0.250771851465106,0.26053476706147194
527,0.2527720373123884,0.26080114394426346
528,0.2510257292538881,0.2587687589228153
529,0.25132209844887254,0.2591068558394909
530,0.249791519343853,0.2588264264166355
531,0.25166828017681836,0.25823426656424997
532,0.24894980993121862,0.2576589219272137
533,0.24998372104018926,0.25756805315613746
534,0.2478362550958991,0.2575187001377344
535,0.24842248894274235,0.2576309986412525
536,0.2505465313792229,0.2580327596515417
537,0.24883306473493577,0.258205259591341
538,0.24897898826748133,0.25622518323361876
539,0.24699589759111404,0.25695439130067826
540,0.24803235717117786,0.2561360701918602
541,0.24902443513274192,0.2565249539911747
542,0.2473901754245162,0.2557302076369524
543,0.246850810572505,0.255465779453516
544,0.24769314248114824,0.25542250722646714
545,0.2463992152363062,0.2541295725852251
546,0.24393842350691558,0.2556075740605593
547,0.24540576208382844,0.25500980466604234
548,0.2471886619925499,0.2544212531298399
549,0.24685348626226186,0.2544444400817156
550,0.24595044180750847,0.2539351500570774
551,0.2468231750652194,0.2538125280290842
552,0.2455619854852557,0.25340786315500735
553,0.24618486762046815,0.2528700612485409
554,0.24273944720625878,0.253500334918499
555,0.24406088292598724,0.2527174405753613
556,0.24643449299037457,0.25184747464954854
557,0.24418295864015818,0.25196426287293433
558,0.24341680705547333,0.25156509727239607
559,0.24382605627179146,0.25195463858544825
560,0.24277648888528347,0.2516239952296019
561,0.2432298341766,0.2510402973741293
562,0.24312033094465732,0.25076261796057225
563,0.2413252305239439,0.2504515826702118
564,0.24144948404282332,0.25022025518119334
565,0.24408223684877156,0.2506116099655628
566,0.24330046940594913,0.25000748969614506
567,0.2425317857414484,0.25059327445924284
568,0.2404263522475958,0.24962405264377593
569,0.24003647342324258,0.2494868654757738
570,0.24068065397441388,0.24878941401839255
571,0.24141423236578702,0.24855570122599602
572,0.24054242186248304,0.24800529852509498
573,0.23936234656721353,0.2479773934930563
574,0.24077314864844085,0.24808088429272174
575,0.23826554659754037,0.24778257459402084
576,0.23789502065628768,0.24689931496977807
577,0.23891704436391592,0.2465039648115635
578,0.2382211469113827,0.24624956268817186
579,0.23680341709405184,0.24556751884520053
580,0.23579397462308407,0.24550011716783046
581,0.23548194598406552,0.2454990265890956
582,0.23724487517029047,0.24552945643663407
583,0.23595647364854813,0.2444345884025097
584,0.23641838356852532,0.24454196710139514
585,0.2352729042991996,0.24399790354073048
586,0.23530063815414906,0.24398227110505105
587,0.23440682236105204,0.2435676185414195
588,0.23365379236638545,0.24310766030102968
589,0.23500784300267696,0.24369957856833935
590,0.23402273561805487,0.2425431739538908
591,0.23331089690327644,0.2415243960916996
592,0.23912520483136177,0.24343246184289455
593,0.2347996486350894,0.24238139409571885
594,0.23607912622392177,0.24128053709864616
595,0.23414638321846723,0.2411678358912468
596,0.2330268459394574,0.24215720314532518
597,0.23295312728732825,0.2401472046971321
598,0.23214252293109894,0.24007414672523736
599,0.23108332324773073,0.24094953555613757
600,0.23377523086965085,0.24116807132959367
601,0.2324462214484811,0.23866100423038006
602,0.23292179293930532,0.2400543989613652
603,0.22903711162507534,0.23948159478604794
604,0.23152631446719169,0.23918466903269292
605,0.23134132809937,0.23919714130461217
606,0.23071090448647738,0.24004637133330106
607,0.2307169519364834,0.23943299651145936
608,0.22889605816453695,0.23932344783097506
609,0.2286668574437499,0.23830605652183295
610,0.23019753005355598,0.2392576016485691
611,0.22957347612828016,0.23767472449690102
612,0.22778716664761306,0.23716217577457427
613,0.23136668987572193,0.23689830005168916
614,0.2296641136519611,0.23720366097986698
615,0.2283767007291317,0.23884023427963258
616,0.22938376665115356,0.23768773153424264
617,0.22898644134402274,0.23547753486782314
618,0.2289431704208255,0.23697769585996867
619,0.22796481270343066,0.23744785077869893
620,0.2278424795717001,0.23733116462826728
621,0.22769523933529853,0.23614703454077243
622,0.2274660596624017,0.23662058599293231
623,0.2284054087474942,0.23490445520728825
624,0.22645294424146414,0.23536696583032607
625,0.22606379445642233,0.23500037379562855
626,0.2296979373320937,0.23605472408235073
627,0.22724487259984016,0.23396684881299734
628,0.22684453148394823,0.23392408359795808
629,0.22617132142186164,0.23480249810963869
630,0.22777381157502533,0.2341118173673749
631,0.22699182890355588,0.23502718918025495
632,0.22701361142098903,0.23466186113655568
633,0.22430453095585107,0.23434281442314386
634,0.22515114042907952,0.23287024404853582
635,0.22589278258383275,0.23358845207840204
636,0.22715948503464461,0.23346959780901672
637,0.22561884010210634,0.2339008552953601
638,0.22576538249850273,0.23325951248407364
639,0.22440419131889938,0.23306768275797368
640,0.22615368161350488,0.2319806942716241
641,0.22508011236786843,0.23124204464256765
642,0.2249334800057113,0.23247551694512367
643,0.2236417554318905,0.23256766535341739
644,0.226993858627975,0.23208727762103082
645,0.2236375592648983,0.23369447868317367
646,0.2259836096316576,0.23229197580367328
647,0.22561206975951792,0.2318881329149008
648,0.2229619313031435,0.23076591938734053
649,0.22232352513819933,0.23063993770629168
650,0.2230516728013754,0.23141666799783706
651,0.2241238173097372,0.23172581065446138
652,0.22368510644882916,0.23142068441957236
653,0.2245102345943451,0.23156619723886251
654,0.2236715888604522,0.23096266500651835
655,0.22247824147343637,0.231921124830842
656,0.2230391815304756,0.23141810186207296
657,0.22345009427517654,0.2297849368304014
658,0.2223784415051341,0.23148366417735816
659,0.22273838585242628,0.23100962694734334
660,0.22220337530598044,0.23150285184383393
661,0.2214885914698243,0.23039274103939533
662,0.2238301858305931,0.23070244286209346
663,0.22300392780452966,0.23064046557992696
664,0.22143860096111895,0.2296628000214696
665,0.22253337167203427,0.23043551426380873
666,0.2204228629358113,0.23059469275176525
667,0.22205955125391483,0.2304682357236743
668,0.22334737395867704,0.2296238699927926
669,0.2229783594608307,0.2295325830578804
670,0.22009707624092698,0.2290215076878667
671,0.22228848915547134,0.22953573819249867
672,0.22307290583848954,0.22967863846570252
673,0.22079603942111134,0.2297575067728758
674,0.2225317707285285,0.22989614885300397
675,0.2231169885955751,0.22943936102092266
676,0.2225176405161619,0.2300645487383008
677,0.21966096451506018,0.2281767463311553
678,0.22091515520587562,0.2283432675525546
679,0.2199378449469805,0.22747798468917607
680,0.22091579493135213,0.22677384745329618
681,0.22150815213099123,0.22721202727407216
682,0.22155729765072465,0.2283898625522852
683,0.22139075463637709,0.22748146634548902
684,0.22018779991194606,0.2279192516580224
685,0.22258133310824632,0.22745918836444617
686,0.21967274211347104,0.22788202054798604
687,0.22190872980281712,0.22630273327231407
688,0.21839042464271188,0.22877069618552923
689,0.219526391569525,0.2275635527446866
690,0.21880114190280436,0.2254330452531576
691,0.219954988732934,0.22650566957890989
692,0.21799111422151327,0.22555212061852217
693,0.22019734727218748,0.22704663705080746
694,0.21831912472844123,0.2270604172721505
695,0.21660968028008937,0.22563350182026626
696,0.21860812222585083,0.22710873670876025
697,0.2173827520571649,0.22565660253167152
698,0.21947956299409271,0.2250392647460103
699,0.2166931964457035,0.22558741569519042
700,0.2182161495089531,0.22490782644599677
701,0.21777067333459854,0.22425296436995268
702,0.21703969687223434,0.22585538122802973
703,0.2161851955577731,0.22601552046835421
704,0.21702275816351174,0.22514887135475875
705,0.21708507630974055,0.2246983639895916
706,0.21548990458250045,0.22334237843751908
707,0.21756952926516532,0.22515904866158962
708,0.21416739765554665,0.2236605603247881
709,0.2157761993817985,0.22481700591742992
710,0.2162728981114924,0.22334230467677116
711,0.21875576190650464,0.22566868737339973
712,0.2159755604341626,0.22625597342848777
713,0.21516493279486895,0.22445957865566016
714,0.21537175411358475,0.22521762009710072
715,0.21850114641711116,0.2241781374439597
716,0.2153440688736737,0.22423074766993523
717,0.2157738022506237,0.22245074678212404
718,0.21449694372713565,0.22213327009230852
719,0.21570430165156723,0.2237280083820224
720,0.2143266367726028,0.22279001418501138
721,0.21711964700371028,0.2240506373345852
722,0.21367485951632262,0.22289934903383254
723,0.21597211454063653,0.22248644158244132
724,0.21716381702572107,0.22373149432241918
725,0.21446010442450641,0.22267540413886308
726,0.2139712182804942,0.22187935207039117
727,0.2163803745061159,0.22205575481057166
728,0.21447311155498028,0.22200456876307725
729,0.21526417350396515,0.22296964628621935
730,0.21354168821126224,0.22228449638932943
731,0.2150414999574423,0.22409876845777035
732,0.21302737426012755,0.2204443257302046
733,0.21413941755890847,0.22252279296517372
734,0.21467691482976078,0.22368943002074956
735,0.2145294899120927,0.22320401538163423
736,0.2127925779670477,0.2222828682512045
737,0.21285055950284004,0.22100113332271576
738,0.21252648392692208,0.22228945698589087
739,0.21412153383716942,0.22100263517349958
740,0.2144429836422205,0.22057861648499966
741,0.212811638135463,0.2213593153283
742,0.21874050395563244,0.22153570111840964
743,0.21214930536225438,0.22093867510557175
744,0.21221581809222698,0.22187173198908566
745,0.21325373966246844,0.22122355811297895
746,0.21256616413593293,0.21983194518834354
747,0.21147243417799472,0.2209131071344018
748,0.21426161751151085,0.2205595999956131
749,0.2116814068518579,0.22041079457849264
750,0.21407034676522016,0.22012508884072304
751,0.2126654837280512,0.22053078487515448
752,0.21369583336636425,0.21874906104058028
753,0.21064085159450768,0.2216649018228054
754,0.2123964000493288,0.22067633233964443
755,0.20967894764617084,0.21916432352736592
756,0.21363954404368996,0.21967633794993163
757,0.2096277334727347,0.2202246142551303
758,0.21105009075254202,0.21960721537470818
759,0.21187336109578608,0.219001398794353
760,0.21105796955525874,0.21793804187327623
761,0.21060234662145377,0.21924400916323067
762,0.2096445593982935,0.21835016831755638
763,0.2125368661247194,0.21946682427078484
764,0.21139394761994482,0.22064057942479848
765,0.2133150481618941,0.21920505836606025
766,0.20968604646623135,0.2193548444658518
767,0.20938026662915946,0.21831440255045892
768,0.20948080429807306,0.2171172436326742
769,0.2110922310501337,0.21827793084084987
770,0.21057782527059316,0.2182088728994131
771,0.21204061694443227,0.21796029033139347
772,0.2105389915406704,0.21807838436216115
773,0.20953940311446786,0.21981118973344566
774,0.20891260737553238,0.21689849700778724
775,0.21170839071273803,0.2176243167370558
776,0.21014154767617582,0.21724217683076857
777,0.2095884157344699,0.21714428421109916
778,0.21321387104690076,0.21795383971184493
779,0.20950367366895079,0.21755708679556846
780,0.21078402902930976,0.21660951096564532
781,0.20909015294164418,0.21789367068558932
782,0.2103729084134102,0.2180698996409774
783,0.2093452244065702,0.21669371966272594
784,0.2117691428400576,0.2182377889752388
785,0.20911500621587037,0.21763685457408427
786,0.20979667250066997,0.21779919862747193
787,0.20906838765367866,0.21652574967592955
788,0.21058182828128338,0.21723162960261105
789,0.2111032742075622,0.2183947129175067
790,0.21080352012068032,0.2167473340407014
791,0.21028821151703597,0.21778499111533164
792,0.2092058719135821,0.21780470050871373
793,0.20964960772544144,0.21655232794582843
794,0.2112534279935062,0.21780853178352116
795,0.21020795674994588,0.21702318117022515
796,0.20935937911272048,0.215252439212054
797,0.21126749366521835,0.2164158856496215
798,0.21022327486425638,0.21718441229313612
799,0.20759090464562177,0.21585773453116416
800,0.6424242645502091,0.6708448708057404
801,0.6081693798303605,0.6289566546678543
802,0.5760263800621033,0.592803281545639
803,0.5465020850300789,0.56008240878582
804,0.52004783898592,0.5302617460489273
805,0.49674360156059266,0.5048763155937195
806,0.47697548419237135,0.48381135016679766
807,0.45778329074382784,0.46562531888484954
808,0.4383177563548088,0.44751170873641966
809,0.4197342574596405,0.42941713631153106
810,0.4022628262639046,0.41283232867717745
811,0.3882365427911282,0.39711840599775317
812,0.3758819386363029,0.3856876142323017
813,0.36638152673840524,0.3750243976712227
814,0.3582191400229931,0.36646333411335946
815,0.35078301578760146,0.35893860310316084
816,0.3435324512422085,0.35280499011278155
817,0.33614281117916106,0.3440756231546402
818,0.32919388487935064,0.338322501629591
819,0.3219072505831718,0.33144070506095885
820,0.3148753397166729,0.32438664585351945
821,0.30752613842487336,0.31818399503827094
822,0.3013687953352928,0.31169032081961634
823,0.2958570644259453,0.30579146593809126
824,0.2896225623786449,0.2997017912566662
825,0.28565637916326525,0.2950605168938637
826,0.2801763951778412,0.2898721404373646
827,0.2748835526406765,0.285636418312788
828,0.2688798375427723,0.27971248552203176
829,0.265813373029232,0.27555238381028174
830,0.26061267480254174,0.27102251201868055
831,0.2570725344121456,0.2663879506289959
832,0.25138678327202796,0.26261326372623445
833,0.2502137072384357,0.2589020557701588
834,0.2474125877022743,0.2570701397955418
835,0.24405065700411796,0.2526847034692764
836,0.24131958559155464,0.25047068744897844
837,0.23792475908994676,0.2482478879392147
838,0.2361470565199852,0.24537767320871354
839,0.23366924449801446,0.24373515248298644
840,0.23223383203148842,0.2410062223672867
841,0.22831556349992752,0.23900496438145638
842,0.2272075403481722,0.23739276230335235
843,0.22504865005612373,0.2353047840297222
844,0.2221428383141756,0.23280592262744904
845,0.21989291794598104,0.23044933900237083
846,0.21925944052636623,0.22903084196150303
847,0.21708402633666993,0.22739293724298476
848,0.2167799960821867,0.2253902807831764
849,0.21583021581172943,0.22368230782449244
850,0.21249125078320502,0.22196073830127716
851,0.21130068227648735,0.2201045025140047
852,0.2118571124970913,0.21962036080658437
853,0.20819395780563354,0.21753054596483706
854,0.20561115108430386,0.2163803193718195
855,0.20605836883187295,0.2144914750009775
856,0.20353592783212662,0.21282320208847522
857,0.2012891311198473,0.21178181283175945
858,0.20177254155278207,0.2094247043132782
859,0.19951353892683982,0.20887525118887423
860,0.19914636462926866,0.2081354770809412
861,0.19789015352725983,0.2059448752552271
862,0.19769028909504413,0.2051179051399231
863,0.19482673667371272,0.20425262339413167
864,0.19447340928018092,0.20378932729363441
865,0.19285800345242024,0.20223503559827805
866,0.1900011882185936,0.20049441121518613
867,0.19130647759884595,0.19983501881361007
868,0.19069550149142742,0.19860841073095797
869,0.18813826013356447,0.19762849994003773
870,0.18918141908943653,0.19750385247170926
871,0.1867849325761199,0.19472384341061116
872,0.1854534877464175,0.1941410269588232
873,0.1860791701823473,0.19265941791236402
874,0.18543614372611045,0.19312153160572051
875,0.18375379554927349,0.19118575863540171
876,0.1810938071459532,0.18987575005739926
877,0.17995514981448651,0.18845801688730718
878,0.17886374462395907,0.18811713755130768
879,0.17987035661935807,0.18716509714722634
880,0.17628020755946636,0.18498944360762834
881,0.17595801185816526,0.18461055047810077
882,0.176109348423779,0.1845730071887374
883,0.1742381377145648,0.1833014518022537
884,0.17219012565910816,0.18230482898652553
885,0.17435592599213123,0.18187848143279553
886,0.1724006730131805,0.1815591610968113
887,0.1729953123256564,0.18053956516087055
888,0.17336005195975304,0.18050712905824184
889,0.17267408017069102,0.17875271793454886
890,0.17035179305821657,0.1791357159614563
891,0.170440567471087,0.17819879110902548
892,0.17070701140910388,0.17739996481686832
893,0.16828783974051476,0.17751766592264176
894,0.17025080379098653,0.1766269076615572
895,0.16753341825678944,0.1760126521810889
896,0.16664575263857842,0.17566197756677865
897,0.163733465783298,0.1733142426237464
898,0.16317644380033017,0.17112717907875777
899,0.16421004869043826,0.16893531419336796
900,0.16073708571493625,0.16758406516164542
901,0.1582048747688532,0.16612010430544616
902,0.15569990677759052,0.1643816253170371
903,0.15626748297363519,0.16397934630513192
904,0.15609539281576873,0.16337997131049634
905,0.1550112023949623,0.16229473818093537
906,0.15311218043789268,0.1614925589412451
907,0.1543963748961687,0.16099649872630833
908,0.1531739785335958,0.16076141614466904
909,0.1537286641076207,0.1599549228325486
910,0.15414439737796784,0.15935086207464338
911,0.1515689346008003,0.158678681217134
912,0.15142965018749238,0.1584371792152524
913,0.1516725511290133,0.15907568018883467
914,0.15205255607143045,0.15751253040507435
915,0.15153507702052593,0.15754831712692977
916,0.15057977829128505,0.15630124602466822
917,0.14869891768321394,0.15708216484636067
918,0.15017509814351798,0.15605582781136035
919,0.14720673533156514,0.15612377356737853
920,0.1499032181687653,0.15550398230552673
921,0.14883088152855634,0.1548024056479335
922,0.14816353134810925,0.15496326284483075
923,0.14752358300611376,0.15485947774723172
924,0.14689407842233776,0.15281066056340933
925,0.14695269986987114,0.153253535553813
926,0.1492685355246067,0.15226502101868392
927,0.1457246370613575,0.15232353881001473
928,0.1441099179908633,0.15140166180208325
929,0.1441280129365623,0.15133261773735285
930,0.14370664907619357,0.15096778674051164
931,0.14330135760828852,0.15035654939711093
932,0.1443727519363165,0.15086177280172705
933,0.14403635608032345,0.1490529615432024
934,0.14251706283539534,0.1499670219607651
935,0.14299885258078576,0.14950760770589114
936,0.14409743761643767,0.14861585134640337
937,0.14032061574980617,0.14801211869344116
938,0.14201231980696322,0.14770935447886585
939,0.13998175580054523,0.14722960405051708
940,0.13942268481478096,0.1468097163364291
941,0.13815748547203838,0.14731705514714122
942,0.14081233087927103,0.14547694521024823
943,0.13807930606417357,0.14494864167645574
944,0.1383590088225901,0.1444320984184742
945,0.13533100713975726,0.14241258827969433
946,0.13614297080785037,0.1413316753692925
947,0.1315732148475945,0.13905287431553007
948,0.13168068835511804,0.1380346965044737
949,0.1325583546422422,0.13725713435560466
950,0.12871504575014114,0.135911635030061
951,0.1300039161927998,0.13498733546584846
952,0.12956205466762186,0.1351073828525841
953,0.12849771454930306,0.13374677626416087
954,0.12703501312062143,0.13348891278728842
955,0.1268518131226301,0.13344669854268432
956,0.1269773907959461,0.13232365846633912
957,0.12704762481153012,0.1324223811738193
958,0.1283817669376731,0.1328858627937734
959,0.12716574892401694,0.1318710315041244
960,0.12848026966676115,0.13153458535671234
961,0.12619269732385874,0.1306076723150909
962,0.12376073994673789,0.13080830071121455
963,0.12576258862391115,0.131229096557945
964,0.12659646272659303,0.13010333506390453
965,0.12365663703531027,0.12996563259512187
966,0.1245572199113667,0.1304825066588819
967,0.12660001628100873,0.12980666356161236
968,0.12426228895783424,0.13008988993242382
969,0.12238248982466757,0.12947833994403482
970,0.12306787241250276,0.12844531955197452
971,0.12215116545557976,0.12842558342963456
972,0.12191232964396477,0.12762597519904376
973,0.12299825502559543,0.1291495026089251
974,0.1275884815491736,0.127977632265538
975,0.1234102513641119,0.12707007555291056
976,0.12461084146052599,0.12629309631884097
977,0.1263316879980266,0.12755588414147495
978,0.12189779886975885,0.12623700900003315
979,0.12126246253028512,0.1257635007612407
980,0.12166352802887559,0.1260434824973345
981,0.1210732408799231,0.12603367874398827
982,0.12209854265674949,0.12598080886527896
983,0.12078018225729466,0.12525722524151206
984,0.12077404065057636,0.12455720454454422
985,0.1201345649547875,0.1245916890911758
986,0.12019980447366833,0.12419131565839052
987,0.12042683018371463,0.12449476178735494
988,0.12119080536067486,0.12526117619127036
989,0.12094271089881659,0.12380674369633198
990,0.12030446659773589,0.12386432476341724
991,0.11898612692020834,0.12515826262533664
992,0.11917566545307637,0.12281547226011753
993,0.11852634632959962,0.12373517630621791
994,0.12063820967450738,0.1237600740045309
995,0.11868180022574962,0.12253769738599658
996,0.11807371350005269,0.1231328503228724
997,0.12055847719311714,0.12191183837130666
998,0.11808090750128031,0.12148284008726477
999,0.11705275420099497,0.12288379399105906
1000,0.11983034545555711,0.12140414910390973
1001,0.12235497198998928,0.12256726948544383
1002,0.11659332690760493,0.1211478989571333
1003,0.11679587280377746,0.12043248070403934
1004,0.11611356660723686,0.12060622125864029
1005,0.11725356262177229,0.1211547770537436
1006,0.11710557276383042,0.1200384883210063
1007,0.1173823487944901,0.12055405406281353
1008,0.11779606230556965,0.12062566615641117
1009,0.11714737275615335,0.11929579600691795
1010,0.11728748083114623,0.11921315956860781
1011,0.11916581969708204,0.12000061320140958
1012,0.11569632356986403,0.11957192998379469
1013,0.1204096268862486,0.11769166262820363
1014,0.11493805227801204,0.11935202088207006
1015,0.11511676572263241,0.11956074088811874
1016,0.11500823325477541,0.11879308428615332
1017,0.11562320301309228,0.11784827122464776
1018,0.1140902502462268,0.11788808405399323
1019,0.11620733425952494,0.11810208931565284
1020,0.11624435624107718,0.1172498875297606
1021,0.11400751955807209,0.11779789738357067
1022,0.11688695903867483,0.11754781929776073
1023,0.11651795357465744,0.11772844176739454
1024,0.11404443755745888,0.11777778724208474
1025,0.11461313161998987,0.1173724014312029
1026,0.11513349758461118,0.11713313423097134
1027,0.11466747354716063,0.11739010382443667
1028,0.11510485811159014,0.11703355778008699
1029,0.11342356707900762,0.11567123671993614
1030,0.11363710984587669,0.11569609306752682
1031,0.11169321807101369,0.1152322344481945
1032,0.11493058549240232,0.1160084347706288
1033,0.11355206072330475,0.11521097924560308
1034,0.1138440235517919,0.11475101979449391
1035,0.11127905715256929,0.11491108294576406
1036,0.11428316226229071,0.11444040117785334
1037,0.11224758792668581,0.11440308699384331
1038,0.11313564907759428,0.11387100610882044
1039,0.11138178962282837,0.11367271561175585
1040,0.11391825536265969,0.11462416360154748
1041,0.1131919817533344,0.11354379933327437
1042,0.11079300204291939,0.11338585270568728
1043,0.11310830684378743,0.11440637977793813
1044,0.11195037588477134,0.1138557561673224
1045,0.10916082048788667,0.1132527337409556
1046,0.11301367352716625,0.11293496564030647
1047,0.11275766980834305,0.11326113818213343
1048,0.11133284224197268,0.11347151547670364
1049,0.10850104419514536,0.11265996834263206
1050,0.11153880301862955,0.11234593521803618
1051,0.10975694824010133,0.11135068153962493
1052,0.11147718839347362,0.11179505372419954
1053,0.11031123567372561,0.11194917820394039
1054,0.11057053627446294,0.11152490600943565
1055,0.11002979055047035,0.11199305336922408
1056,0.11407430805265903,0.11139943497255445
1057,0.10849836636334657,0.11033753561787307
1058,0.11089182370342314,0.1110448945313692
1059,0.10831038178876043,0.11150638079270721
1060,0.11031526811420918,0.1111690079793334
1061,0.11204970190301537,0.1094818209297955
1062,0.11176564069464803,0.11186464256606996
1063,0.10960357440635562,0.11101297596469521
1064,0.10804346902295947,0.11114452127367258
1065,0.11111588040366768,0.10955275166779757
1066,0.10877114133909345,0.10925639383494853
1067,0.10624131783843041,0.1099181997589767
1068,0.10861518075689673,0.10891937781125308
1069,0.1109057867899537,0.10903386501595377
1070,0.10859057521447539,0.10993837425485253
1071,0.10861219959333539,0.10830137077718974
1072,0.10945960665121675,0.10906429905444384
1073,0.10780165018513799,0.10850961711257696
1074,0.10756168831139803,0.10841947123408317
1075,0.1055465618148446,0.10818124199286103
1076,0.10783114843070507,0.10743434661999345
1077,0.10557222515344619,0.1078845622483641
1078,0.11232453836128116,0.10715621877461672
1079,0.10825782092288136,0.10823842780664564
1080,0.10508317155763507,0.1086915866471827
1081,0.10610277242958546,0.1067259270697832
1082,0.10642265165224671,0.10767201771959663
1083,0.10851145079359412,0.10684483516961336
1084,0.10577652212232351,0.10821014679968358
1085,0.10573681490495801,0.1067543440964073
1086,0.10733637576922775,0.10690320734865963
1087,0.10563734006136656,0.10650655711069704
1088,0.10756772235035897,0.10578948245383799
1089,0.10575017156079411,0.10680212024599314
1090,0.10613492568954826,0.1072665180079639
1091,0.10574312452226878,0.10693103540688753
1092,0.10441385312005877,0.10581681169569493
1093,0.1037417826242745,0.10627589710056781
1094,0.10552481897175311,0.10615370729938149
1095,0.10479896245524287,0.10630229488015175
1096,0.10309517299756407,0.10472220228984952
1097,0.10510309115052223,0.10535890543833375
1098,0.10620147828012705,0.10539167635142803
1099,0.10568552785553038,0.10660850591957569
1100,0.10649786386638879,0.10592399807646871
1101,0.10491032088175416,0.10636482797563077
1102,0.10555399153381587,0.10556167447939516
1103,0.10693803746253253,0.10507548921741545
1104,0.10535255940631032,0.104195471201092
1105,0.10360700655728579,0.104735435731709
1106,0.10587152987718582,0.10469240811653435
1107,0.10361054539680481,0.10464651538059115
1108,0.10453138593584299,0.10397569197230042
1109,0.10255422415211797,0.10544061288237572
1110,0.10545431775972247,0.10453494139946998
1111,0.1019923030398786,0.10493307961151004
1112,0.10462659802287817,0.1039158738218248
1113,0.10401101130992174,0.10346036925911903
1114,0.10445428201928735,0.10435060746967792
1115,0.1033734805881977,0.10381242181174458
1116,0.10347197651863098,0.10339191411621869
1117,0.1033535148948431,0.1032565270550549
1118,0.10256178239360451,0.10370380077511072
1119,0.10263707041740418,0.10387916350737214
1120,0.10336071131750942,0.1038211683742702
1121,0.10541150905191898,0.103691163379699
1122,0.10486188344657421,0.1032412325963378
1123,0.10244767665863037,0.10321926055476069
1124,0.10082110203802586,0.10175064434297383
1125,0.10697865094989538,0.10225616525858641
1126,0.10378523478284478,0.10218383581377566
1127,0.10229350971058011,0.10297277830541134
1128,0.10591510040685534,0.10349810807965695
1129,0.10366542972624301,0.1022895357105881
1130,0.10280523812398315,0.10162375848740339
1131,0.10357093936763703,0.102588803274557
1132,0.10463306838646531,0.10185010265558958
1133,0.10204732967540622,0.10256067751906812
1134,0.10515579916536807,0.1017423904966563
1135,0.09988653650507331,0.10274025537073612
1136,0.10224124575033784,0.10291976602748036
1137,0.1017204768024385,0.10230911942198873
1138,0.10662357714027167,0.10197505261749029
1139,0.10058077955618501,0.10076555088162423
1140,0.09878009120002389,0.10069759115576744
1141,0.10134556628763676,0.10159624279476702
1142,0.10395762426778674,0.10135493883863092
1143,0.10285665383562445,0.10182355241850019
1144,0.10178780918940902,0.10307831456884742
1145,0.0993616221472621,0.1012260747142136
1146,0.1003561979625374,0.10097427689470351
1147,0.10060805920511484,0.1008593922946602
1148,0.09851157222874463,0.10076156137511134
1149,0.10262689255177974,0.10179934399202466
1150,0.1003493600524962,0.10065339901484549
1151,0.09882826772518456,0.10197272878140211
1152,0.09913415322080255,0.10029191859066486
1153,0.09968792200088501,0.09990326459519565
1154,0.10000525079667569,0.10175242219120265
1155,0.09859246667474508,0.10081635937094688
1156,0.0993710792157799,0.09960809871554374
1157,0.09961206763982773,0.100851941248402
1158,0.10122833978384733,0.10086091067641974
1159,0.09957908680662513,0.09933746047317982
1160,0.10388947576284409,0.0984112820122391
1161,0.10034618782810867,0.09996541845612228
1162,0.10664732437580823,0.10001226179301739
1163,0.09924864722415805,0.09966335035860538
1164,0.09882144387811423,0.09907110389322042
1165,0.09901040503755212,0.099610674707219
1166,0.10204226616770029,0.0984057005494833
1167,0.09702789853326976,0.09904804429970682
1168,0.10551601732149721,0.09939497718587517
1169,0.10068960543721914,0.09949852242134512
1170,0.0990285468287766,0.09786284691654146
1171,0.09948655040934681,0.0980311072897166
1172,0.09950473085045815,0.09973683534190059
1173,0.09813625486567616,0.09898002678528428
1174,0.09915935853496194,0.09837251091375947
1175,0.09956055888906121,0.0982197467237711
1176,0.09772572433575988,0.09890901492908596
1177,0.10034541012719274,0.09795478908345104
1178,0.09900444122031331,0.09779528938233853
1179,0.10066521121188998,0.09876455198973418
1180,0.09835106870159507,0.09963378990069031
1181,0.09886331940069795,0.09902212182059884
1182,0.09964487706311047,0.09839096986688674
1183,0.09938808153383434,0.09908274970948697
1184,0.09978884141892194,0.09898686632514
1185,0.09884229614399373,0.0987219457514584
1186,0.09665522957220674,0.09928288077935576
1187,0.0982733984477818,0.0978476706892252
1188,0.09842520421370864,0.09757752842269837
1189,0.09755656663328409,0.09705579215660691
1190,0.10190311623737217,0.09855081918649375
1191,0.09831304242834449,0.09638169859535992
1192,0.09734861021861434,0.09728197157382965
1193,0.09948711022734642,0.0978168477769941
1194,0.09634282905608416,0.0981647849548608
1195,0.09846712267026306,0.0967635830398649
1196,0.10061119999736548,0.09780760882422328
1197,0.09909803550690413,0.09767077434808016
1198,0.09863123628310859,0.0968172201886773
1199,0.09628504095599055,0.0965011845342815
1200,0.6428799599409103,0.6693211734294892
1201,0.609438243508339,0.6289074957370758
1202,0.581308276951313,0.596794068813324
1203,0.5529684022068977,0.5655719295144082
1204,0.5227002680301667,0.5349712744355202
1205,0.4916538193821907,0.5042036101222038
1206,0.46032615602016447,0.4733767494559288
1207,0.4312426820397377,0.44576381146907806
1208,0.40488799661397934,0.4175618901848793
1209,0.38221382945775983,0.39427641332149505
1210,0.36351861506700517,0.376677879691124
1211,0.3460727922618389,0.35974231362342834
1212,0.3314941510558128,0.3445796214044094
1213,0.31660770773887636,0.33156054466962814
1214,0.30472392588853836,0.31926129907369616
1215,0.2930090367794037,0.30872960612177847
1216,0.28501624166965484,0.2992156453430653
1217,0.2765499383211136,0.2920552730560303
1218,0.27006869688630103,0.28571874275803566
1219,0.2613015711307526,0.27684653326869013
1220,0.254297137260437,0.2707754701375961
1221,0.24826341047883033,0.2646127283573151
1222,0.2421819433569908,0.2589589096605778
1223,0.23819816187024118,0.2521485462784767
1224,0.2346433036029339,0.24834327325224875
1225,0.23190425112843513,0.24574819207191467
1226,0.2295008309185505,0.24156836345791816
1227,0.22612562403082848,0.23734101429581642
1228,0.22234312444925308,0.23539467081427573
1229,0.2202209621667862,0.2320292666554451
1230,0.21596720591187477,0.2278507322072983
1231,0.2136767439544201,0.2261649563908577
1232,0.212356086820364,0.22322108075022698
1233,0.2108595497906208,0.2212955065071583
1234,0.2066415697336197,0.21935597211122512
1235,0.20590305998921393,0.2174842432141304
1236,0.20355333015322685,0.2152249373495579
1237,0.20264876261353493,0.21324256137013436
1238,0.2005995936691761,0.212239096313715
1239,0.19990809708833696,0.21087304800748824
1240,0.1980400875210762,0.20897420048713683
1241,0.19643842205405235,0.2086908183991909
1242,0.19546062201261521,0.20683556124567987
1243,0.19421021044254302,0.20547803714871407
1244,0.19241144508123398,0.20371497049927711
1245,0.19209466949105264,0.20223719775676727
1246,0.19174000844359398,0.20123540386557578
1247,0.18994828909635544,0.19937202632427214
1248,0.18720804825425147,0.1988516628742218
1249,0.18882863596081734,0.19752047955989838
1250,0.18596651516854762,0.19680360555648804
1251,0.1844067346304655,0.19568583890795707
1252,0.18394416384398937,0.19410778880119323
1253,0.1839675061404705,0.19308910444378852
1254,0.1824177086353302,0.19137579053640366
1255,0.18044795244932174,0.19110191017389297
1256,0.1793036103248596,0.18998647034168242
1257,0.1793101206421852,0.18877470567822457
1258,0.17874289825558662,0.1883408918976784
1259,0.17780213952064514,0.18688591793179513
1260,0.17582509703934193,0.18601890951395034
1261,0.1745879679918289,0.1851240172982216
1262,0.1749080702662468,0.18420821353793143
1263,0.17331340871751308,0.183499414101243
1264,0.17393390275537968,0.18216155022382735
1265,0.17190057672560216,0.18094911947846412
1266,0.17052008137106894,0.179616641625762
1267,0.16993225663900374,0.17877400293946266
1268,0.16940997280180453,0.1780232038348913
1269,0.16831291764974593,0.17716654464602472
1270,0.16710691340267658,0.17755396030843257
1271,0.16748975701630114,0.17586465030908585
1272,0.16432226896286012,0.17472220323979853
1273,0.16486928090453148,0.1740948550403118
1274,0.16324174478650094,0.17410871125757693
1275,0.16323074735701085,0.17285790331661702
1276,0.16117724366486072,0.17166612073779106
1277,0.1608725782483816,0.17070647105574607
1278,0.16278953328728676,0.16919005960226058
1279,0.1607613790780306,0.16951082274317741
1280,0.15929360501468182,0.168173960223794
1281,0.15804182924330235,0.16796977818012238
1282,0.1590810813009739,0.16705441251397132
1283,0.15797159187495707,0.16652795113623142
1284,0.15647894591093064,0.16609463170170785
1285,0.1564916495233774,0.16517388969659805
1286,0.15665312260389327,0.16411756426095964
1287,0.15711176954209805,0.16338104531168937
1288,0.1561579940840602,0.16313222534954547
1289,0.15377013199031353,0.1627765018492937
1290,0.15411301851272582,0.1629638597369194
1291,0.15369734764099122,0.16148290187120437
1292,0.1533624168485403,0.16145822890102862
1293,0.15272472314536573,0.16027603186666967
1294,0.1536476794630289,0.1599451746791601
1295,0.15471260324120523,0.15961220413446425
1296,0.15116097405552864,0.1583868719637394
1297,0.15143835097551345,0.15828313380479814
1298,0.15136024821549654,0.15745305139571428
1299,0.15006442833691835,0.1570038678124547
1300,0.14960526432842017,0.15614648461341857
1301,0.14874084144830704,0.15614217054098845
1302,0.14944768454879523,0.1557073626667261
1303,0.14805630166083575,0.15475208908319474
1304,0.1495089616626501,0.15449224468320608
1305,0.1481131011620164,0.15344702675938607
1306,0.14679994229227306,0.15419637095183134
1307,0.14440775271505119,0.1532381320372224
1308,0.14604204427450895,0.1530184604227543
1309,0.1475962722674012,0.15158473346382378
1310,0.14558275062590836,0.150971438549459
1311,0.14743905197829008,0.15042228009551764
1312,0.1457809928804636,0.15001142472028733
1313,0.143500511161983,0.14940652456134557
1314,0.14327517971396447,0.14922986626625062
1315,0.14118508398532867,0.14831295572221279
1316,0.14205748084932565,0.14823513403534888
1317,0.14253586959093809,0.1483087230473757
1318,0.14027387369424105,0.1473252920433879
1319,0.14060962609946728,0.14712304677814245
1320,0.1389507669955492,0.1460640598088503
1321,0.14038160368800162,0.1456784512847662
1322,0.14282239377498626,0.1450865788385272
1323,0.13919098097831012,0.1454572705551982
1324,0.14110266864299775,0.14589601662009954
1325,0.13717891238629817,0.14395856242626906
1326,0.1393266875296831,0.1433629933744669
1327,0.13871500510722398,0.1434183746576309
1328,0.13686385173350574,0.14243571385741233
1329,0.1373790219426155,0.14212921112775803
1330,0.13592034187167884,0.1425391672179103
1331,0.13649011738598346,0.1412713885307312
1332,0.1373060092329979,0.14213248379528523
1333,0.13633361365646124,0.14106130599975586
1334,0.13524912614375353,0.14117198456078767
1335,0.13623217362910509,0.1404708556830883
1336,0.136886178702116,0.13967064395546913
1337,0.13252407601103186,0.13960669320076705
1338,0.13485621344298124,0.1398746646940708
1339,0.1342477135360241,0.1391462717205286
1340,0.1352280316874385,0.1390127619728446
1341,0.13488477878272534,0.13784889560192823
1342,0.13290474377572536,0.13854238465428353
1343,0.13600854221731423,0.13786627035588025
1344,0.13294090311974288,0.137449805252254
1345,0.13364280946552753,0.13760999087244272
1346,0.13420551009476184,0.1367767805233598
1347,0.13127147331833838,0.13748715706169606
1348,0.13377952110022306,0.13668939359486104
1349,0.13251126212999226,0.1361706731840968
1350,0.13372201332822442,0.13624029643833638
1351,0.13042455855757,0.1361191537231207
1352,0.1317250907421112,0.13550383672118188
1353,0.1312551905401051,0.13538114707916976
1354,0.13101340718567372,0.1349779898300767
1355,0.13082618005573748,0.13508032616227866
1356,0.13018743097782134,0.134418442286551
1357,0.12989662298932672,0.13402805775403975
1358,0.12934563290327789,0.13352727387100458
1359,0.1301911017857492,0.1333888452500105
1360,0.1293493383564055,0.13313068263232708
1361,0.1308637723326683,0.13285214975476264
1362,0.13122421251609923,0.13291575964540242
1363,0.1307786143384874,0.1330135153606534
1364,0.1300077366642654,0.1329057302325964
1365,0.12813879353925586,0.13285025637596845
1366,0.1278539708815515,0.13155424185097217
1367,0.128694811463356,0.13252828661352395
1368,0.12773750815540552,0.13119948096573353
1369,0.12870945511385798,0.13214058987796307
1370,0.1286232054233551,0.1321924313902855
1371,0.12816039165481924,0.13088350873440505
1372,0.12750188680365682,0.13093487937003373
1373,0.12919991137459874,0.13063997104763986
1374,0.1278201182372868,0.13031674083322287
1375,0.12779934294521808,0.13114044964313507
1376,0.1275419309735298,0.13075830759480594
1377,0.12631367975845934,0.12959341080859305
1378,0.1263639137148857,0.12924196030944585
1379,0.12624869644641876,0.1299700891599059
1380,0.12571897758170963,0.12889344934374095
1381,0.12721765041351318,0.1292962921783328
1382,0.12432418363168836,0.12851323932409286
1383,0.1263876620680094,0.12953446628525853
1384,0.12688181269913912,0.1294257178902626
1385,0.12727304473519324,0.12826069798320533
1386,0.1271123021841049,0.12876370996236802
1387,0.12376286359503866,0.12824526904150843
1388,0.12583585660904645,0.12797056864947082
1389,0.12588857607916,0.127910877391696
1390,0.12960239788517355,0.12797747710719704
1391,0.1244379535317421,0.1285469725728035
1392,0.12644752617925406,0.1278333490714431
1393,0.12491952860727906,0.1268750478513539
1394,0.12294641779735685,0.1263633957132697
1395,0.12590033039450646,0.1262460789643228
1396,0.12538936864584685,0.1281194683164358
1397,0.12523613404482603,0.1264990315772593
1398,0.12619258742779493,0.12700940649956466
1399,0.12408182080835103,0.1268305741250515
1400,0.1238061161711812,0.12626901352778078
1401,0.12414768235757948,0.12551065143197776
1402,0.12534411884844304,0.1256459705531597
1403,0.12669761218130587,0.1267068348824978
1404,0.12666348395869137,0.12641933858394622
1405,0.1212512387894094,0.12560924226418138
1406,0.12315237494185567,0.12529467698186636
1407,0.12341208457946777,0.1243273438885808
1408,0.12366931568831205,0.12491253511980176
1409,0.12436874471604824,0.12526701837778093
1410,0.12171078305691481,0.12438793731853366
1411,0.1209969830699265,0.12434385661035777
1412,0.12366027310490608,0.12523970901966094
1413,0.12210238873958587,0.12557935975492002
1414,0.12392296846956015,0.1234599994495511
1415,0.12169837611727416,0.12406067978590726
1416,0.12147540329024195,0.12342381160706281
1417,0.12281774375587702,0.12381236655637622
1418,0.12258069831877946,0.12402305165305734
1419,0.1223484706133604,0.12385696219280362
1420,0.12191275134682655,0.12359896581619978
1421,0.12117139315232635,0.12284006448462606
1422,0.12237590122967959,0.12339535634964705
1423,0.12202344182878733,0.12255099602043629
1424,0.12192343547940254,0.1226363237015903
1425,0.12190188094973564,0.12294779531657696
1426,0.12056584451347589,0.12273043822497129
1427,0.11954616261646152,0.12161818882450462
1428,0.12080784868448972,0.12175831831991672
1429,0.1205784642137587,0.12146614184603095
1430,0.11945204269140959,0.12180277667939662
1431,0.12580700498074293,0.12264480497688054
1432,0.1225725575350225,0.12133984602987766
1433,0.12166788661852479,0.12239047763869167
1434,0.12126424526795745,0.12148285480216145
1435,0.12169806845486164,0.12130628656595946
1436,0.12123735053464771,0.12215614141896367
1437,0.12020875047892332,0.12102104173973202
1438,0.12086143931373954,0.12152202175930142
1439,0.12081755925901234,0.12127064857631922
1440,0.11905152359977364,0.12056188490241766
1441,0.12051679482683539,0.11965780965983867
1442,0.11919698091223836,0.12020558072254062
1443,0.12013187971897424,0.12151649156585335
1444,0.12001512655988336,0.12072769133374095
1445,0.12031652824953198,0.11980092329904438
1446,0.11776434378698468,0.12052519554272294
1447,0.11849463721737266,0.12155835852026939
1448,0.11608564220368862,0.11914379624649882
1449,0.1200559597928077,0.11844876576215028
1450,0.11610404374077916,0.11943985112011432
1451,0.11769494423642754,0.12100950973108411
1452,0.11841834806837141,0.11878449013456702
1453,0.11823343671858311,0.11972442343831062
1454,0.1194032009691,0.11904880059882998
1455,0.11654694904573262,0.11832304960116743
1456,0.12197780925780535,0.11821859907358885
1457,0.11811147257685661,0.11787174232304096
1458,0.11749482052400709,0.11796156093478202
1459,0.11714042695239187,0.11769755538552999
1460,0.11621356694959104,0.11848473418503999
1461,0.11675041546113789,0.11879687951877713
1462,0.11578348116017878,0.11774284103885294
1463,0.11650559268891811,0.1171159871853888
1464,0.11608283333480358,0.11683553028851748
1465,0.11932210670784116,0.11733822114765644
1466,0.11414134022779762,0.11778902756050229
1467,0.11802775412797928,0.11729299481958151
1468,0.11810637786984443,0.11845808997750282
1469,0.11525684185326099,0.1176071341149509
1470,0.11805242225527764,0.11741281477734447
1471,0.11736157927662134,0.11712442748248578
1472,0.11568785011768341,0.11563350642099976
1473,0.11861263327300549,0.11620222888886929
1474,0.11752061527222395,0.11727968323975801
1475,0.11723742429167032,0.11618840619921685
1476,0.11542776031419635,0.11669346960261465
1477,0.11885885391384363,0.11545120328664779
1478,0.11989825125783682,0.1155264912173152
1479,0.11572949523106217,0.11654739072546363
1480,0.12074373923242092,0.11609635464847087
1481,0.11549693960696458,0.1163646205328405
1482,0.11445505889132619,0.11514307893812656
1483,0.11551981950178743,0.11471089692786336
1484,0.11631816476583481,0.11616124464198947
1485,0.11553365234285592,0.11551553411409259
1486,0.11697166152298451,0.11546783382073045
1487,0.1157050401903689,0.11594312153756618
1488,0.11480264440178871,0.11596650341525674
1489,0.11529951626434923,0.11428091088309884
1490,0.11564527284353972,0.11520561343058944
1491,0.11447584554553032,0.11488710343837738
1492,0.11553560327738524,0.11387128345668315
1493,0.11342637548223138,0.11465848525986075
1494,0.11337404204532504,0.11438944824039936
1495,0.11661594463512301,0.11417971532791853
1496,0.11487659336999059,0.11484983833506704
1497,0.11334625966846942,0.11340941842645406
1498,0.11380991116166114,0.11376327108591795
1499,0.11438553109765053,0.1130443469621241
1500,0.11502565322443843,0.11286307396367193
1501,0.11483881520107389,0.11302911164239049
1502,0.11380755822174252,0.11291748397052288
1503,0.11700475886464119,0.1135940826497972
1504,0.11672264449298382,0.11388848219066858
1505,0.11697982335463167,0.11299653882160783
1506,0.11545429769903422,0.1135582059621811
1507,0.11350257331505417,0.11478057326748967
1508,0.1129752098582685,0.11219898937270045
1509,0.11265023769810796,0.11201112847775221
1510,0.11289331801235676,0.11255918871611356
1511,0.11339222174137831,0.11166975731030107
1512,0.11342719625681638,0.11265833647921682
1513,0.11234442330896854,0.11389723038300872
1514,0.11531832730397581,0.11298436848446727
1515,0.11248318031430245,0.11118789110332727
1516,0.11340703312307596,0.11237450363114476
1517,0.11688119061291218,0.11079365508630871
1518,0.11182529218494892,0.11238916972652077
1519,0.11192525620572269,0.11065076570957899
1520,0.11499200528487563,0.1115583955310285
1521,0.11165152983739972,0.11123769450932741
1522,0.11380134960636497,0.11121318638324737
1523,0.1125982789322734,0.11227106498554348
1524,0.11440212018787861,0.11050138883292675
1525,0.11065685702487826,0.11065395921468735
1526,0.11102070305496455,0.11156082171946764
1527,0.11090709958225489,0.1097929747775197
1528,0.11005648989230395,0.10968414135277271
1529,0.10983610665425658,0.1095302626490593
1530,0.11366852894425392,0.11086153332144022
1531,0.1131837088149041,0.11090526496991515
1532,0.11064867447130382,0.11052599074319006
1533,0.11050582849420607,0.10982416626065969
1534,0.11408231337554753,0.11014345344156026
1535,0.11130002196878194,0.11134001398459077
1536,0.11173929050564765,0.1094134958460927
1537,0.10831863307394088,0.10913884332403541
1538,0.10979388859122992,0.10994817893952132
1539,0.11297811130061745,0.10927649391815067
1540,0.11038480121642351,0.11090761218219995
1541,0.11427203845232725,0.10868335133418441
1542,0.10849033258855342,0.10840329537168145
1543,0.11136017180979252,0.10802224017679692
1544,0.10855737859383226,0.1093445548787713
1545,0.11014868030324579,0.1087038398720324
1546,0.11201188024133443,0.10903505198657512
1547,0.109082524292171,0.10963730541989207
1548,0.11125046275556087,0.10708202216774225
1549,0.11216598763130606,0.1077785980887711
1550,0.11077552940696478,0.10768499625846743
1551,0.10959617616608738,0.10856752367690206
1552,0.10820502112619579,0.10751267662271857
1553,0.11027855724096298,0.10769761176779866
1554,0.11622194070369005,0.10843770913779735
1555,0.10973915504291654,0.10882235588505865
1556,0.10989068541675806,0.10653438614681363
1557,0.10936957001686096,0.10735933845862747
1558,0.11001017037779093,0.10758080873638391
1559,0.11412800820544362,0.10811373377218843
1560,0.11071445718407631,0.10688477847725153
1561,0.1081671617925167,0.10740040503442287
1562,0.10822499347850681,0.10717193661257625
1563,0.10767222037538886,0.10742613952606916
1564,0.10920429937541484,0.106312720105052
1565,0.10972685320302844,0.10760553795844316
1566,0.11013468583114445,0.10754823572933674
1567,0.111523117730394,0.10741558941081167
1568,0.11048808768391609,0.10675724139437079
1569,0.10944807678461074,0.10683613792061805
1570,0.1089326050132513,0.10700384406372905
1571,0.10909649776294827,0.10740442639216781
1572,0.11049163499847055,0.10630211299285293
1573,0.11297703450545668,0.10601932425051927
1574,0.10841075396165252,0.10668440908193588
1575,0.1115281074307859,0.10642101485282182
1576,0.10795412557199598,0.10715318322181702
1577,0.10631940383464097,0.10564738847315311
1578,0.10949715771712362,0.10612214785069227
1579,0.10664551677182317,0.10597220240160823
1580,0.10698032272048294,0.10616084272041917
1581,0.10906598633155226,0.10548771498724818
1582,0.10840438129380345,0.1070387752726674
1583,0.10781692434102297,0.10583953382447361
1584,0.10461599100381136,0.1059952886775136
1585,0.10719936909154057,0.10660460880026221
1586,0.10767006743699312,0.10521025089547038
1587,0.10867627076804638,0.10571737550199031
1588,0.10860620592720807,0.10647319182753563
1589,0.11056359484791756,0.10613785432651639
1590,0.11103953178972006,0.10517857698723673
1591,0.10704005579464138,0.10617452524602414
1592,0.11035967823117972,0.10451842956244946
1593,0.10736533002927899,0.10613547442480922
1594,0.10991920968517661,0.10566182071343064
1595,0.10954182837158441,0.10792459649965166
1596,0.10589031586423517,0.10463848011568189
1597,0.10921216299757361,0.10435761734843255
1598,0.10859580785036087,0.10515783289447427
1599,0.10546098910272121,0.10471635283902288
