,validation,training
0,0.6212510585784912,0.6727146059274673
1,0.5090337887406349,0.5682676315307618
2,0.4520587384700775,0.47625412195920946
3,0.4236631810665131,0.4390236586332321
4,0.4089270576834679,0.41968152225017546
5,0.39962251856923103,0.4085850566625595
6,0.3918428808450699,0.40002156272530554
7,0.3842394039034843,0.3936041109263897
8,0.3785036027431488,0.3874591521918774
9,0.3741461254656315,0.38349978178739547
10,0.3701262630522251,0.37897916659712794
11,0.3668727226555347,0.3747615374624729
12,0.36355571150779725,0.37228337600827216
13,0.3608532674610615,0.3695503793656826
14,0.35832913368940356,0.3676045790314674
15,0.3558554112911224,0.36529415398836135
16,0.35369719490408896,0.36181062236428263
17,0.3508658714592457,0.3605646416544914
18,0.34929573312401774,0.3580484434962273
19,0.3471034839749336,0.35676260367035867
20,0.34491515904664993,0.35417931750416753
21,0.34232664853334427,0.3514487624168396
22,0.34095085263252256,0.34944024235010146
23,0.33804533407092097,0.3474241144955158
24,0.33734763562679293,0.3463817395269871
25,0.3348513081669807,0.3447469063103199
26,0.33301909193396567,0.3419238492846489
27,0.3317426651716232,0.34123329296708105
28,0.329845180362463,0.3397412709891796
29,0.32856563925743104,0.3383035384118557
30,0.3265767186880112,0.3361716717481613
31,0.3253156244754791,0.33511450290679934
32,0.322651618719101,0.3336095057427883
33,0.3210923708975315,0.3315362513065338
34,0.31963970735669134,0.3298154465854168
35,0.3186886072158813,0.3289350837469101
36,0.31669442504644396,0.32740906476974485
37,0.315191850066185,0.326043339818716
38,0.3140196330845356,0.32426130324602126
39,0.3130186818540096,0.3230398505926132
40,0.3111088551580906,0.32115993201732634
41,0.3097307659685612,0.3200679175555706
42,0.3091200016438961,0.31937563717365264
43,0.3069634333252907,0.317331038415432
44,0.30582973510026934,0.31644411832094194
45,0.30419049710035323,0.3149657383561134
46,0.3024648241698742,0.3131916791200638
47,0.3013627015054226,0.3122698746621609
48,0.30057023018598555,0.31136632412672044
49,0.2986446268856525,0.30995653942227364
50,0.2976998008787632,0.3091298185288906
51,0.29669828787446023,0.3081607609987259
52,0.2951336733996868,0.30698646754026415
53,0.29479738771915437,0.30560617074370383
54,0.29282648041844367,0.30487180054187774
55,0.29179889485239985,0.3038054257631302
56,0.2905213437974453,0.3018385209143162
57,0.2894078031182289,0.3009062632918358
58,0.28761566057801247,0.29975968077778814
59,0.28700542747974395,0.29864483550190923
60,0.28538642078638077,0.29672414660453794
61,0.2854984626173973,0.29723522663116453
62,0.28309487253427507,0.29568705186247823
63,0.2831084839999676,0.29397173076868055
64,0.2816773049533367,0.2930854633450508
65,0.2804856214672327,0.29164198115468026
66,0.279921630397439,0.29145928397774695
67,0.2798949934542179,0.2907763451337814
68,0.27859193421900275,0.28965883776545526
69,0.2783150814473629,0.29037115201354025
70,0.2773559056222439,0.28943953961133956
71,0.2771983541548252,0.28839978463947774
72,0.27607224844396117,0.2879607994109392
73,0.27652893029153347,0.28775342404842374
74,0.2754367768764496,0.28721006214618683
75,0.27481011115014553,0.28649973012506963
76,0.27471740879118445,0.2858643289655447
77,0.27458147779107095,0.2861174553632736
78,0.27377214282751083,0.28528421111404895
79,0.27360726408660413,0.2853190962225199
80,0.27323284931480885,0.28467404618859293
81,0.27275537215173246,0.2845608193427324
82,0.27270347364246844,0.28338610418140886
83,0.2713972147554159,0.2834706012159586
84,0.2717413756996393,0.28364752866327764
85,0.27174081914126874,0.2828299794346094
86,0.27091102935373784,0.2829794652760029
87,0.27020363993942736,0.2817948818206787
88,0.26979848071932794,0.28225404880940913
89,0.26919364258646966,0.28104745857417585
90,0.26948328241705893,0.28077290654182435
91,0.2699607342481613,0.28051218055188654
92,0.2686791498214006,0.27997496984899045
93,0.2680333904922009,0.2796068523079157
94,0.26798710562288763,0.2800610657781363
95,0.2679308086633682,0.28040546737611294
96,0.26776813007891176,0.2797580726444721
97,0.2671989068388939,0.27920114547014235
98,0.26735569834709166,0.2787462443113327
99,0.26634762063622475,0.279101500660181
100,0.2674563962966204,0.27865190207958224
101,0.2659333189949393,0.27825724370777605
102,0.26584428660571574,0.27782706916332245
103,0.2648026838898659,0.2781446009874344
104,0.26580261811614037,0.27718159556388855
105,0.26415461432188747,0.27720180675387385
106,0.2643401548266411,0.276087449118495
107,0.26377269849181173,0.2764418225735426
108,0.2645177558064461,0.2764710608869791
109,0.26288713589310647,0.276307326182723
110,0.263122646138072,0.2750017374753952
111,0.2632794491946697,0.2752227373421192
112,0.26217789817601445,0.2750750329345465
113,0.2628639414906502,0.27455654703080656
114,0.26224128250032663,0.2741330895572901
115,0.26184280328452586,0.2745694976300001
116,0.26214938927441833,0.2737754680216312
117,0.26154880207031966,0.2735797267407179
118,0.2612052794545889,0.27403285838663577
119,0.26081846095621586,0.27259088195860387
120,0.26111336406320335,0.27308137379586694
121,0.26167357470840213,0.2728927247226238
122,0.26068691033869984,0.27238195911049845
123,0.2605235118418932,0.27154572792351245
124,0.2606132000684738,0.2712667936459184
125,0.25930880904197695,0.2717322204262018
126,0.25963427536189554,0.2714808709919453
127,0.2588002996519208,0.2721412394195795
128,0.2592171778902411,0.27021873872727153
129,0.25818292163312434,0.2707567235454917
130,0.2587861120700836,0.2713055107742548
131,0.2577192448079586,0.27064795084297655
132,0.2576642166823149,0.2703444376587868
133,0.25714067593216894,0.26906295623630283
134,0.2569608211517334,0.27033460773527623
135,0.2576068012043834,0.2690015273168683
136,0.2569170186296105,0.26916588097810745
137,0.2557765358127654,0.26989053897559645
138,0.2563568766228855,0.2680205423384905
139,0.2563333110883832,0.2684400716796517
140,0.2561740431934595,0.2687033638358116
141,0.2557286174967885,0.2690927116200328
142,0.2561981533654034,0.2686288245022297
143,0.2557795329019427,0.26847120355814696
144,0.2554625753313303,0.2685580912977457
145,0.25607662051916125,0.26765726916491983
146,0.2540586968883872,0.26784087158739567
147,0.2551972296088934,0.26742984969168904
148,0.25406327480450275,0.26649283803999424
149,0.25491865277290343,0.267422136105597
150,0.25384308528155086,0.2668200392276049
151,0.2534513714723289,0.26727714017033577
152,0.2530313511379063,0.26578189693391324
153,0.25303642116487024,0.26603158507496116
154,0.25334145613014697,0.26627613287419083
155,0.25254133623093367,0.2664258234202862
156,0.25264170542359354,0.2650380589067936
157,0.2520394054241478,0.2649650637060404
158,0.25174836041405796,0.2654784757643938
159,0.25207579266279934,0.2645873684436083
160,0.25129762999713423,0.2651056507602334
161,0.25096574071794747,0.2645230686292052
162,0.2511758614331484,0.2648262605071068
163,0.25100489910691975,0.2643073284998536
164,0.24991788882762195,0.2637594435364008
165,0.24945236481726168,0.2623573226854205
166,0.24934445405378938,0.2627345897257328
167,0.24892456997185947,0.26232677679508926
168,0.24768865508958698,0.26220807377249
169,0.24910807749256492,0.2604326823726296
170,0.24767827009782195,0.26087853964418173
171,0.24642142858356236,0.26074941717088224
172,0.2468543840572238,0.2598592687398195
173,0.24596221856772899,0.25903999377042053
174,0.24590099463239312,0.25950048491358757
175,0.24579409398138524,0.25997942574322225
176,0.24659960325807334,0.2588124806061387
177,0.2453096187673509,0.25967347230762244
178,0.24459145562723278,0.25936416201293466
179,0.2440041440539062,0.259354654327035
180,0.2441413825377822,0.25764709562063215
181,0.24355863761156799,0.2580471128225327
182,0.2439181855879724,0.25774053335189817
183,0.24301195461302996,0.2575581468641758
184,0.24271466275677084,0.257561344280839
185,0.24282252602279186,0.2576779490336776
186,0.2429152809083462,0.2562930824235082
187,0.24149686815217136,0.25674823448061945
188,0.24244344625622033,0.2568683987483382
189,0.24174878150224685,0.25645100977271795
190,0.24114417620003223,0.2546431502327323
191,0.24094113763421773,0.25580164659768345
192,0.24171487353742122,0.25631123781204224
193,0.240327656455338,0.25558039005845784
194,0.239875409565866,0.2542789187282324
195,0.2402840848080814,0.2549353512004018
196,0.23954993737861513,0.2542937960475683
197,0.2394177930429578,0.25370051711797714
198,0.23876584181562066,0.25454563871026037
199,0.2386316957883537,0.25320530850440265
200,0.2394235659390688,0.2541604371741414
201,0.2384322162717581,0.25281358174979685
202,0.23883153358474374,0.2539171202108264
203,0.23777504749596118,0.25341075714677574
204,0.23793801367282869,0.2531967369839549
205,0.2376372459344566,0.25299972854554653
206,0.23799508567899466,0.2528874209150672
207,0.2369323443621397,0.25253663379698993
208,0.23823230294510722,0.2523449407890439
209,0.23725012158975006,0.252330151386559
210,0.23697372479364276,0.252446535974741
211,0.23764365119859576,0.25239808168262245
212,0.2364990783855319,0.2520533997565508
213,0.23554152017459273,0.2518919162452221
214,0.23710996247828006,0.2521894365549088
215,0.23644739417359234,0.2515587370842695
216,0.23605826925486326,0.25294709075242283
217,0.2361645720899105,0.25119437724351884
218,0.23489861311390997,0.25241614077240226
219,0.23537283670157194,0.25178871732205155
220,0.23492921870201827,0.2511483334004879
221,0.23517542500048877,0.2510001422837377
222,0.23513975078240038,0.25011322014033793
223,0.23433487797155977,0.250253658182919
224,0.23569262214004993,0.25137268397957085
225,0.23424217686988413,0.25050626918673513
226,0.23412036541849374,0.25032967384904625
227,0.23346667508594693,0.25008518658578394
228,0.23446785267442466,0.25122964642941953
229,0.23355201696977018,0.25065058209002017
230,0.23530894396826624,0.2517919322475791
231,0.23354733902961017,0.2503515176475048
232,0.23362117242068053,0.24999777562916278
233,0.232643887354061,0.25039063952863216
234,0.23242211313918232,0.24861358162015676
235,0.23282833769917488,0.24881872888654472
236,0.23225119509734213,0.24837602246552706
237,0.23388141291216016,0.24915152974426746
238,0.2316475954838097,0.2487545594573021
239,0.23268328234553337,0.24791907556355
240,0.23143635531887413,0.2475190756842494
241,0.23095532339066266,0.24807821530848742
242,0.23107220795936884,0.2465102758258581
243,0.23115379638038575,0.2478456487879157
244,0.23197359968908132,0.24767491444945336
245,0.23026607669889926,0.24729671739041806
246,0.23102503325790166,0.24696977734565734
247,0.23021639147773384,0.24689943231642247
248,0.22997308121994137,0.2460856944322586
249,0.23002497432753444,0.2475314222276211
250,0.23019649926573038,0.2465594420209527
251,0.23022104445844888,0.24537530802190305
252,0.2292336800135672,0.24683489948511123
253,0.23032707246020437,0.24676455818116666
254,0.22857397492043674,0.24658246599137784
255,0.23128508850932122,0.246064024977386
256,0.2282755278982222,0.24553601983934642
257,0.22774309562519193,0.2458844728767872
258,0.22846737522631883,0.2449828412383795
259,0.22922841324470938,0.2449228797107935
260,0.22792992223985492,0.24485274143517016
261,0.22673852620646356,0.24471524488180876
262,0.2283996027894318,0.2432775542140007
263,0.22798690460622312,0.24323006365448235
264,0.22721046078950166,0.2437844004482031
265,0.22727596801705657,0.24378165006637573
266,0.22701536798849703,0.24463714063167571
267,0.22726024705916642,0.2441850772127509
268,0.22628480442799628,0.24362020138651133
269,0.22628066097386182,0.24344397373497487
270,0.225925961881876,0.2445635696873069
271,0.22662357185035945,0.2421374123543501
272,0.22612159312702715,0.24303974136710166
273,0.2259175076149404,0.24238382782787085
274,0.22542141475714744,0.24193372149020434
275,0.2256233474239707,0.24163175281137228
276,0.2247497694566846,0.24260599799454213
277,0.22584546655416488,0.2434853196144104
278,0.2255216100718826,0.2420281996950507
279,0.2254986809566617,0.24206331316381693
280,0.22458101036027073,0.24107176549732684
281,0.22624722281470894,0.24294789992272853
282,0.22629861868917941,0.24220524225383996
283,0.22520081298425793,0.24081310778856277
284,0.2251914670690894,0.2424693752080202
285,0.22477903752587736,0.24147049989551306
286,0.22310932651162146,0.2408539742231369
287,0.2240285888314247,0.23882598867639898
288,0.22370923990383745,0.24095787098631263
289,0.22457177545875312,0.24105217587202787
290,0.22429419616237284,0.24129036013036967
291,0.22356732562184334,0.24182607978582382
292,0.2226237091701478,0.24136328026652337
293,0.22483175694942475,0.23966423850506544
294,0.22299457183107735,0.2397703493013978
295,0.22330791973508896,0.242054595425725
296,0.22223077779635786,0.23971947487443684
297,0.22245907057076691,0.24000349696725606
298,0.22299036495387553,0.2399421913549304
299,0.22246347242034972,0.23928363341838121
300,0.22289893291890622,0.23942698612809182
301,0.22177105620503426,0.24038432594388723
302,0.22260344494134188,0.2397797224111855
303,0.2211190067231655,0.23978272322565317
304,0.22190308198332787,0.239520888030529
305,0.22273424481973053,0.2386905752122402
306,0.2218610060401261,0.23944706916809083
307,0.22361306520178914,0.23961886558681728
308,0.22323043225333095,0.23974109590053558
309,0.2213758016936481,0.23957607224583627
310,0.22189074903726577,0.23996737450361252
311,0.22079242542386054,0.23856559991836548
312,0.22208038764074445,0.2393629379570484
313,0.22105391398072244,0.23937565088272095
314,0.22139281607232988,0.23892298266291617
315,0.22335352236405015,0.2380797354504466
316,0.22128744120709598,0.2397352209314704
317,0.22129794228821992,0.23827427420765163
318,0.22196126980707048,0.2375834323465824
319,0.22154744067229332,0.23760715443640948
320,0.2230633404571563,0.2372810305096209
321,0.22157833091914653,0.23852877151221036
322,0.22154115419834852,0.23868358917534352
323,0.22193590933457016,0.23799568880349398
324,0.22125193467363716,0.23869068119674922
325,0.22179916873574257,0.23798617804422975
326,0.22159557458944618,0.24035289715975522
327,0.22069532717578114,0.2385637229308486
328,0.2220793301705271,0.2381357688456774
329,0.2206616167910397,0.23823918541893363
330,0.2204425219912082,0.23724920665845275
331,0.21996495593339205,0.23765661753714085
332,0.22047798028215765,0.23756644409149885
333,0.2201467148028314,0.2374620160087943
334,0.2188711930066347,0.23937632143497467
335,0.21965794083662332,0.23729907339438797
336,0.21972248214296997,0.23929632157087327
337,0.22070654709823428,0.23736707074567676
338,0.21978925559669732,0.23662889208644627
339,0.22005330054089428,0.23811964821070433
340,0.22172395810484885,0.23672564029693605
341,0.22013797098770738,0.236909690592438
342,0.2189658760558814,0.2383782694116235
343,0.2196373615413904,0.23641237625852227
344,0.21966278171166778,0.23719480372965335
345,0.2188665598630905,0.23739812429994345
346,0.22072173543274404,0.23745824825018644
347,0.2193127547390759,0.23814720045775176
348,0.21920498311519623,0.2383638175204396
349,0.22155870688147844,0.2387443110346794
350,0.21907268417999148,0.23756165243685246
351,0.22109072599560023,0.2366830889135599
352,0.21822918439283967,0.23637135289609432
353,0.21964695672504603,0.23812038339674474
354,0.21962341014295816,0.23661656621843577
355,0.21821429771371187,0.23636422781273722
356,0.21966070136986673,0.23697794117033483
357,0.21831548786722124,0.23788497727364302
358,0.2189745629671961,0.2380026366561651
359,0.2187235893215984,0.23687340980395674
360,0.21808371851220726,0.23652274757623673
361,0.2184811464510858,0.23751173317432403
362,0.21892179143615068,0.23598117753863335
363,0.21976854573003948,0.23723773062229156
364,0.21798958005383612,0.23524379236623644
365,0.217815746832639,0.23611174719408154
366,0.21776987437624484,0.23548936210572718
367,0.21832005502656102,0.2356842564418912
368,0.21777967303059995,0.23661583419889212
369,0.2176382914185524,0.235784759465605
370,0.21749351443722845,0.23550845263525844
371,0.21813058680854738,0.23547814693301916
372,0.21812373949214817,0.23502901336178184
373,0.21837072111666203,0.2353379991836846
374,0.21776035581715406,0.23547129165381192
375,0.21759542054496706,0.23579592797905208
376,0.2199492072686553,0.2372448831796646
377,0.21708274483680726,0.23531492929905654
378,0.21657473375089467,0.2351124847307801
379,0.2167632064782083,0.23490569721907378
380,0.2170736616011709,0.23354150615632535
381,0.21638364493846893,0.23515079235658048
382,0.21709983674809336,0.23687473833560943
383,0.2167740381322801,0.23609693991020322
384,0.21688662357628347,0.23464342672377825
385,0.21795282810926436,0.23419853001832963
386,0.2167017468251288,0.23471871875226497
387,0.21859306753613056,0.23539099097251892
388,0.21774801686406137,0.23650520090013744
389,0.2167697623372078,0.2341236898675561
390,0.21718032453209163,0.23422752674669028
391,0.2181918182875961,0.23591617327183484
392,0.21560134482569993,0.2346528746187687
393,0.21610366441309453,0.23519233129918576
394,0.2163963533937931,0.2349117137491703
395,0.21616243324242532,0.23530061691999435
396,0.21738159870728851,0.2349802553653717
397,0.21630523060448467,0.2365116348490119
398,0.21658770302310587,0.23523278795182706
399,0.21551980250515043,0.23433815576136113
400,0.6692952424287796,0.6873770356178284
401,0.6149108171463012,0.6472913503646851
402,0.5728771358728408,0.5946339070796967
403,0.5512337058782577,0.5644388705492019
404,0.5388419821858406,0.5493688225746155
405,0.5276310414075851,0.5374464824795723
406,0.518793910741806,0.5276601374149322
407,0.5119333520531655,0.5171186238527298
408,0.5041417092084884,0.5089738711714744
409,0.49850029945373536,0.5023759260773659
410,0.4954192921519279,0.49727273136377337
411,0.4905757710337639,0.49113976061344145
412,0.48828237801790236,0.4870005190372467
413,0.4831486478447914,0.4825464993715286
414,0.479456402361393,0.4785114899277687
415,0.47683313488960266,0.47689592391252517
416,0.47393814772367476,0.47372975051403043
417,0.47298628836870193,0.46999896317720413
418,0.47133306562900545,0.4674430534243584
419,0.47043930292129515,0.46501322090625763
420,0.4665776684880257,0.4629492834210396
421,0.46449887603521345,0.46088033020496366
422,0.4634371817111969,0.45860483795404433
423,0.46662520319223405,0.45719492584466936
424,0.4611429899930954,0.45584111511707304
425,0.4580667927861214,0.45253951102495193
426,0.4569274291396141,0.4510966524481773
427,0.45333128422498703,0.44982830435037613
428,0.4545892432332039,0.4472691804170609
429,0.44948409497737885,0.44596591144800185
430,0.4479949340224266,0.44306674003601076
431,0.44676208049058913,0.4410270437598228
432,0.4447445273399353,0.4397653192281723
433,0.44044081717729566,0.4361568480730057
434,0.43886282444000246,0.4349537372589111
435,0.4381453037261963,0.43298661410808564
436,0.4367579609155655,0.4306429162621498
437,0.4347835771739483,0.4303428024053574
438,0.4355471633374691,0.42763203382492065
439,0.43381468430161474,0.42732595801353457
440,0.4307504676282406,0.42518638297915456
441,0.4318422392010689,0.42371906638145446
442,0.4294404312968254,0.42386193946003914
443,0.4287044733762741,0.4229632817208767
444,0.4275573559105396,0.42196031510829923
445,0.4267851926386356,0.41991782933473587
446,0.42472692877054213,0.4200193345546722
447,0.42539791837334634,0.41830411851406096
448,0.42375057861208915,0.41743909046053884
449,0.4230347886681557,0.41676812097430227
450,0.4220345176756382,0.41619240641593935
451,0.42108293771743777,0.4146808013319969
452,0.4221640579402447,0.41495351046323775
453,0.420152422785759,0.414575407654047
454,0.4206445686519146,0.4135825276374817
455,0.41734803691506384,0.41154761612415314
456,0.41865233033895494,0.41084848418831826
457,0.4178691625595093,0.4103744186460972
458,0.4168316163122654,0.41009137630462644
459,0.4173263393342495,0.4090165100991726
460,0.4167582273483276,0.4086942754685879
461,0.4134561255574226,0.4077006600797176
462,0.4131105221807957,0.40698663219809533
463,0.412371501326561,0.4059843190014362
464,0.41513930559158324,0.4054129533469677
465,0.4123158991336823,0.40471321269869803
466,0.41238280683755874,0.4051986992359161
467,0.41169496551156043,0.40370943397283554
468,0.4101574793457985,0.4028098039329052
469,0.40961242765188216,0.40193899646401404
470,0.4102318622171879,0.4011058434844017
471,0.40933659970760344,0.4018240563571453
472,0.4079440593719482,0.3999726638197899
473,0.40667072087526324,0.3991524241864681
474,0.4060450069606304,0.40003969296813013
475,0.4071446992456913,0.3990997619926929
476,0.4064734399318695,0.39938477128744126
477,0.4041408345103264,0.3984293036162853
478,0.40558289736509323,0.3973946139216423
479,0.40577872171998025,0.3981673128902912
480,0.40436702519655227,0.39767385423183443
481,0.4067523032426834,0.39592700228095057
482,0.40364252030849457,0.3965054988861084
483,0.40118606984615324,0.3947959400713444
484,0.4048240028321743,0.3941193498671055
485,0.4028992034494877,0.39548112750053405
486,0.4030379891395569,0.39462217316031456
487,0.4015724018216133,0.3928921438753605
488,0.40052995420992377,0.391852056235075
489,0.3982466120272875,0.3919107146561146
490,0.39846623986959456,0.3912312380969524
491,0.39588054791092875,0.39023984894156455
492,0.3959918700158596,0.3886872634291649
493,0.3949245668947697,0.3886004686355591
494,0.395601412653923,0.3890290938317776
495,0.39321366176009176,0.38745915666222575
496,0.3912012822926044,0.3864553928375244
497,0.39232935160398485,0.38531931638717654
498,0.3902515795081854,0.38484188467264174
499,0.39022464081645014,0.383870904147625
500,0.3921795777976513,0.38282172977924345
501,0.38731402084231376,0.3826744340360165
502,0.3861178159713745,0.3819844849407673
503,0.3880066774785519,0.38036130666732787
504,0.3831505388021469,0.38109283819794654
505,0.38401407226920126,0.3785037696361542
506,0.38162696063518525,0.37736809253692627
507,0.3786848563700914,0.37612721472978594
508,0.3818025652319193,0.37693854346871375
509,0.37852402217686176,0.3756832659244537
510,0.3776854623109102,0.37381408736109734
511,0.37619874589145186,0.3734020210802555
512,0.3743934616446495,0.3719938054680824
513,0.3719373632222414,0.36993622593581676
514,0.3756544753909111,0.3698893181979656
515,0.3722363289445639,0.3681609336286783
516,0.3711583811789751,0.3679964952170849
517,0.3688936363905668,0.3672898683696985
518,0.3689544230699539,0.366505379229784
519,0.36711479648947715,0.3666256405413151
520,0.3670612573623657,0.3645498391240835
521,0.36592217199504373,0.36568106673657896
522,0.36346569284796715,0.3619187459349632
523,0.36217033192515374,0.36187838539481165
524,0.3608939953148365,0.361110458523035
525,0.36459451280534266,0.36079055704176427
526,0.3608073055744171,0.35996837764978407
527,0.3651100881397724,0.36040341667830944
528,0.3632919292896986,0.36128772124648095
529,0.36404868960380554,0.36047250851988794
530,0.35940197147428987,0.3589689526706934
531,0.36053730435669423,0.3580975096672773
532,0.3585493925958872,0.35783991664648057
533,0.35902935564517974,0.3572166722267866
534,0.35909928753972054,0.35518553145229814
535,0.35848251953721044,0.3553884647786617
536,0.35639429874718187,0.35765261054039
537,0.3575191631913185,0.3546273924410343
538,0.3561471331864595,0.3550867918878794
539,0.3547974776476622,0.35630773156881335
540,0.35269824750721457,0.3528881646692753
541,0.35557153485715387,0.354024151712656
542,0.35210009217262267,0.35274379290640356
543,0.35413051918148997,0.3521747622638941
544,0.3534953262656927,0.3517790835350752
545,0.35683809593319893,0.3515651185065508
546,0.35023084059357645,0.35050319135189056
547,0.352693048119545,0.34931463487446307
548,0.35330218486487863,0.35149781294167043
549,0.3478505745530128,0.3485033310949802
550,0.35486765652894975,0.3483190443366766
551,0.35022907741367815,0.349288884177804
552,0.3518234394490719,0.34684288278222086
553,0.34845873042941095,0.3492333173751831
554,0.34908642806112766,0.3471382401883602
555,0.34903908893465996,0.3472133241593838
556,0.34615354612469673,0.3468251161277294
557,0.34750478230416776,0.3446472458541393
558,0.3440480299293995,0.3454719245433807
559,0.3449043329805136,0.34392782896757124
560,0.34739662483334544,0.3420362249016762
561,0.34524259977042676,0.34358294755220414
562,0.34147818125784396,0.34201664812862875
563,0.34589700810611246,0.34333919659256934
564,0.34403907917439935,0.34252964295446875
565,0.3407502558082342,0.3403932563960552
566,0.34468807764351367,0.3413876939564943
567,0.344189814850688,0.3395449001342058
568,0.3427709747105837,0.33968979604542254
569,0.3449572276324034,0.3415677838027477
570,0.34104391038417814,0.3416172552853823
571,0.34091302938759327,0.33892947882413865
572,0.3391498390585184,0.3388647772371769
573,0.34089047014713286,0.3384416740387678
574,0.33868341222405435,0.3385265748947859
575,0.3388906914740801,0.3368473157286644
576,0.34013876840472224,0.3381004523485899
577,0.33906079865992067,0.3360620602965355
578,0.33468265309929845,0.3363008931279182
579,0.33681091889739034,0.33470837734639647
580,0.33637552969157697,0.3348411746323109
581,0.33489586375653746,0.3361009944230318
582,0.3373101070523262,0.3342424131929874
583,0.3399701423943043,0.334907253831625
584,0.3339091598987579,0.3341575711965561
585,0.33509960807859895,0.3337394267320633
586,0.3322187352925539,0.33429339081048964
587,0.33176532834768296,0.33234397917985914
588,0.3336632207036018,0.3340695634484291
589,0.3329583402723074,0.3347952779382467
590,0.3355883628129959,0.33363875299692153
591,0.3341366810724139,0.33447296023368833
592,0.336697368696332,0.33255947232246397
593,0.33245642520487306,0.3345624677836895
594,0.33369469959288833,0.3344446089118719
595,0.3306315582245588,0.33227416425943374
596,0.33398759048432114,0.33076552003622056
597,0.33470517341047523,0.33081437312066553
598,0.332840608805418,0.3313453275710344
599,0.33423480186611415,0.33047150559723376
600,0.33346047103404997,0.33168029598891735
601,0.3335611026734114,0.3319867212325335
602,0.3310928152874112,0.3306547500193119
603,0.3363103158771992,0.33003643341362476
604,0.33220337629318236,0.3300122555345297
605,0.32908361963927746,0.3301449492573738
606,0.3394364031031728,0.3311383817344904
607,0.3352208467200398,0.330969038233161
608,0.3336939550936222,0.33056875243782996
609,0.33029404040426014,0.3301772102713585
610,0.3284705689176917,0.32985551171004773
611,0.3324990913271904,0.32770488895475863
612,0.3286888040602207,0.3283664721995592
613,0.3325969884172082,0.3279130797833204
614,0.3330284733325243,0.331692149117589
615,0.33171458188444375,0.3286672405898571
616,0.33076938092708585,0.3286214619874954
617,0.33388288486748935,0.3314478322863579
618,0.3299493039026856,0.3294020891189575
619,0.3303479949012399,0.32938965000212195
620,0.33088037334382536,0.32945886477828024
621,0.3291588159278035,0.3310950942337513
622,0.3276260869577527,0.3294977620244026
623,0.329741651378572,0.32761787809431553
624,0.33082566894590854,0.3266607154160738
625,0.32915544174611566,0.32855902910232543
626,0.32782156988978384,0.327153692394495
627,0.33203094974160197,0.327658411860466
628,0.33010419122874735,0.3289313767105341
629,0.3306083042174578,0.3279649578034878
630,0.32746948301792145,0.32693531513214114
631,0.32937110755592586,0.32645087093114855
632,0.3276306603103876,0.3265876814723015
633,0.3276790287345648,0.32661579363048077
634,0.32977865673601625,0.3284815724939108
635,0.3274615593254566,0.3273052506148815
636,0.3265223454684019,0.3260370172560215
637,0.32910126615315677,0.3261544931679964
638,0.32806861083954575,0.3275446366518736
639,0.3276002747938037,0.3258048728108406
640,0.3364757429808378,0.3276761569082737
641,0.32919960282742977,0.33010005243122575
642,0.327762839011848,0.3243397120386362
643,0.3261343138292432,0.3255728740245104
644,0.3309337068349123,0.3255705311894417
645,0.32469914183020593,0.3276110962033272
646,0.3263208281248808,0.32394082359969617
647,0.33144612312316896,0.32668032199144365
648,0.32741349600255487,0.3259061794728041
649,0.3279306972399354,0.3253471523523331
650,0.32725316677242516,0.32478291299194095
651,0.3322195978835225,0.32555431835353377
652,0.3318768201395869,0.3257699474692345
653,0.3305993502959609,0.3247580356895924
654,0.3289497371762991,0.3251800980418921
655,0.3240046763792634,0.3260690502822399
656,0.3249455250799656,0.3241833344101906
657,0.33001910597085954,0.32452009692788125
658,0.3249626837670803,0.3264810431748629
659,0.32719652261584997,0.323462912812829
660,0.32656501941382887,0.3266405016183853
661,0.3276360796764493,0.3252761125564575
662,0.3305445028468966,0.32544748969376086
663,0.32906022407114505,0.32568547278642657
664,0.32729708030819893,0.32484877593815326
665,0.32358663734048604,0.3277967248111963
666,0.3238771570846438,0.3241890616714954
667,0.32681745402514933,0.32203549407422544
668,0.326675932854414,0.3255092017352581
669,0.3248879795894027,0.32339949402958157
670,0.32594996262341736,0.32405448742210863
671,0.3236872136592865,0.3233555993065238
672,0.32554121073335407,0.323033707216382
673,0.32828185241669416,0.32355357967317105
674,0.3233979092910886,0.32403997518122196
675,0.33004011809825895,0.32594768404960633
676,0.32396646570414306,0.3259216045960784
677,0.3287045368924737,0.3265091609209776
678,0.3284103570505977,0.32600637190043924
679,0.3235027750954032,0.32622879184782505
680,0.3294894557446241,0.32188542298972606
681,0.32719776052981614,0.32513757310807706
682,0.3288955571129918,0.32311255149543283
683,0.3247281078249216,0.32359627448022366
684,0.32409017384052274,0.3229825675487518
685,0.32898646499961615,0.3227469280362129
686,0.3248518191277981,0.3244144719094038
687,0.32487016208469865,0.3255697086453438
688,0.3254014475271106,0.3234035983681679
689,0.32584115732461216,0.32359979432076214
690,0.3245192775502801,0.3256673712283373
691,0.32755995597690346,0.32490388825535776
692,0.3263686144724488,0.32385775465518235
693,0.3260254587978125,0.3233786549419165
694,0.3294595304876566,0.3221918947994709
695,0.3244612654671073,0.32441888451576234
696,0.3247059237211943,0.3236372597515583
697,0.3245194209739566,0.32530381828546523
698,0.3267664771527052,0.3224787931889296
699,0.3250441562384367,0.32432320713996887
700,0.3356798173859715,0.323295309022069
701,0.326098146289587,0.32318574041128156
702,0.3280025877058506,0.3225690796971321
703,0.32973569966852667,0.32278780192136763
704,0.32380840796977284,0.3241487439721823
705,0.3210534494370222,0.32148947604000566
706,0.32790640331804755,0.3205786146223545
707,0.32602222785353663,0.32178667448461057
708,0.32408971562981603,0.3221517618745565
709,0.32329696640372274,0.321526287868619
710,0.3248889261856675,0.323308976367116
711,0.3211856823414564,0.3213232632726431
712,0.3265584075823426,0.32099152375012635
713,0.3248478459194303,0.32228271961212157
714,0.32279712371528146,0.32140388023108246
715,0.3261556724086404,0.3225967468693852
716,0.3276373974978924,0.32389636132866145
717,0.32618687506765126,0.3235187418758869
718,0.32196426037698983,0.32311291303485634
719,0.32643382288515566,0.32191612012684345
720,0.32184496279805896,0.32193534504622223
721,0.3219237385317683,0.32260239962488413
722,0.321660207118839,0.3205466018989682
723,0.32248605163767935,0.3209885433316231
724,0.32550519071519374,0.3230699397623539
725,0.32407280076295136,0.32205517012625934
726,0.32113235592842104,0.32182310707867146
727,0.32659552786499263,0.3215376608073711
728,0.32279454208910463,0.32223187685012816
729,0.3227264001965523,0.32025305964052675
730,0.32017011595889927,0.3210985571146011
731,0.32420161850750445,0.3224786091595888
732,0.32395573556423185,0.32261593975126746
733,0.32377789784222843,0.322521311044693
734,0.3268154626712203,0.32603414431214334
735,0.3277395013719797,0.3234362736344337
736,0.3231966491788626,0.3211383905261755
737,0.3205882854759693,0.3202922858297825
738,0.3288171010091901,0.3223951555788517
739,0.32463055942207575,0.3233941845595837
740,0.3265847250819206,0.3201036911457777
741,0.32064835727214813,0.32250093426555393
742,0.32315473835915326,0.319941277615726
743,0.3226501658558846,0.3202212225645781
744,0.3235003569163382,0.32022262141108515
745,0.32344677709043024,0.3215323485434055
746,0.32249577417969705,0.32101509515196086
747,0.3202996848151088,0.32128921058028936
748,0.3217774167656898,0.3201262729242444
749,0.3243759598582983,0.3203581653535366
750,0.32163542658090594,0.31973396725952624
751,0.3248051450587809,0.3203822398558259
752,0.3245704686269164,0.3193926002830267
753,0.3254576358012855,0.3206787882372737
754,0.32071631457656624,0.3197680275887251
755,0.3238834338262677,0.3199266355484724
756,0.32439971901476383,0.3196284774690866
757,0.3204887967556715,0.32084374967962503
758,0.322164155356586,0.32144817914813756
759,0.32523908112198113,0.32354789935052397
760,0.3202494649216533,0.31993112303316595
761,0.32063561528921125,0.31849044393748044
762,0.32317532524466513,0.3195312986150384
763,0.3223034366033971,0.32029793653637173
764,0.32524944031611086,0.32245647720992565
765,0.32044820096343757,0.32080969512462615
766,0.3193291075527668,0.31919656731188295
767,0.32124582417309283,0.31851655151695013
768,0.32308589555323125,0.3185900215059519
769,0.3254118336364627,0.31756657622754575
770,0.32364840600639583,0.31895237118005754
771,0.32215302549302577,0.3208190308883786
772,0.32083540186285975,0.31910918913781644
773,0.31970424288883803,0.32124960869550706
774,0.31896048206835986,0.31807921305298803
775,0.3184164024889469,0.3192280296236277
776,0.3240785047411919,0.3198294833302498
777,0.32687029205262663,0.31948969811201094
778,0.32196651231497525,0.32144397422671317
779,0.32254527527838944,0.3216938961297274
780,0.32066713394597174,0.3179829534143209
781,0.3196706732735038,0.3197429532185197
782,0.32331365533173084,0.31881403736770153
783,0.32008173279464247,0.3196426160633564
784,0.32115968503057957,0.3212871503084898
785,0.3163735833950341,0.32137036975473166
786,0.3185782444663346,0.31809864323586223
787,0.32017824789509175,0.31930567175149915
788,0.3188494428992271,0.31922378223389386
789,0.3247930391691625,0.3200925331562757
790,0.3203127642162144,0.3216610807925463
791,0.3207598619163036,0.31980105563998223
792,0.3204448651522398,0.31906037852168084
793,0.31969345510005953,0.31902803517878053
794,0.3230818182229996,0.31988247074186804
795,0.31827630046755073,0.31643180884420874
796,0.31971184657886625,0.31797542441636323
797,0.3202696510590613,0.3196999032050371
798,0.32108648186549543,0.3200239149853587
799,0.3220646629109979,0.3193386860191822
800,0.5982462018728256,0.6624894827604294
801,0.4965602457523346,0.5462121963500977
802,0.4255430787801743,0.4624319180846214
803,0.3901345834136009,0.41194149702787397
804,0.370825819671154,0.38705046474933624
805,0.35568062886595725,0.3700968787074089
806,0.3440490074455738,0.35805250480771067
807,0.3385067492723465,0.34861058592796323
808,0.3320997811853886,0.3429051160812378
809,0.3289017386734486,0.33838236927986143
810,0.32409692630171777,0.3336050041019917
811,0.32010562121868136,0.3299086816608906
812,0.3169051051139832,0.3268509849905968
813,0.31502013429999354,0.3239678993821144
814,0.31131780445575713,0.3211164250969887
815,0.30789280533790586,0.31888410449028015
816,0.3062175989151001,0.3163608700037003
817,0.30458934754133227,0.3137516021728516
818,0.3018429361283779,0.31151446998119353
819,0.30024530440568925,0.3092603050172329
820,0.2975506201386452,0.3077429845929146
821,0.29706866964697837,0.3054745979607105
822,0.2946282051503658,0.30435870587825775
823,0.2931720562279224,0.30225753635168073
824,0.28978976383805277,0.2998847052454948
825,0.2897338144481182,0.2973350942134857
826,0.28618953451514245,0.2960937343537807
827,0.2866505764424801,0.29438685402274134
828,0.2841892190277576,0.2943120636045933
829,0.2824996836483479,0.29173075407743454
830,0.2806179873645306,0.2905918210744858
831,0.27961780652403834,0.2895898960530758
832,0.27838305458426477,0.28847111016511917
833,0.27882648184895514,0.2873822070658207
834,0.2782025508582592,0.28663438856601714
835,0.2761999748647213,0.2855912081897259
836,0.2758223220705986,0.2849016167223454
837,0.27414306104183195,0.2846585355699062
838,0.27372338697314264,0.282704109698534
839,0.2743709146976471,0.2830051198601723
840,0.2733351618051529,0.2815503217279911
841,0.27279855459928515,0.2819811128079891
842,0.27148119136691096,0.2799258023500443
843,0.27082917392253875,0.27967179492115973
844,0.26952415704727173,0.2791019335389137
845,0.27137016505002975,0.2784152515232563
846,0.2698717564344406,0.2773019775748253
847,0.2683962404727936,0.2772840462625027
848,0.2679435074329376,0.27706226855516436
849,0.2690389096736908,0.27728450745344163
850,0.2673173099756241,0.2764765478670597
851,0.2675257235765457,0.2760899282991886
852,0.2666920401155949,0.27536783143877985
853,0.26765584126114844,0.2749734528362751
854,0.26702747121453285,0.2751415818929672
855,0.2663078784942627,0.273968867957592
856,0.2673058368265629,0.2736618332564831
857,0.2653513833880424,0.27407379597425463
858,0.2657500095665455,0.2724185846745968
859,0.2640396863222122,0.27160901874303817
860,0.2640113696455956,0.271646524220705
861,0.26340958625078204,0.27080076560378075
862,0.26136007755994795,0.27018398717045783
863,0.2620206747204065,0.2691663146018982
864,0.2617350541055202,0.2683593675494194
865,0.262434221804142,0.2684730410575867
866,0.2598410043865442,0.2677089303731918
867,0.26136084496974943,0.26842049658298495
868,0.2607351176440716,0.2670744851231575
869,0.25855914168059824,0.26691815331578256
870,0.25803243815898896,0.26594844460487366
871,0.2592806536704302,0.26569563820958136
872,0.26012561172246934,0.26602854430675504
873,0.25774853192269803,0.265329097956419
874,0.25871810391545297,0.26563155353069307
875,0.2585160218179226,0.2651089280843735
876,0.2600920706987381,0.26528083235025407
877,0.2578156545758247,0.26454153954982756
878,0.2578587789088488,0.2647686503827572
879,0.25727899335324766,0.26413154006004336
880,0.258090515434742,0.26374555081129075
881,0.25714594796299933,0.2640514425933361
882,0.25634729824960234,0.26438780650496485
883,0.2553952965885401,0.26320319473743437
884,0.2552677109837532,0.2634583942592144
885,0.2572883561253548,0.26291139125823976
886,0.2556501407176256,0.2631296195089817
887,0.2561636410653591,0.2629126951098442
888,0.2580511517822742,0.26161614805459976
889,0.25564833618700505,0.2622844554483891
890,0.25546613447368144,0.2614161230623722
891,0.25632709786295893,0.2618881367146969
892,0.25579027831554413,0.2616899959743023
893,0.2561685413122177,0.26100158914923666
894,0.25480178333818915,0.2607191726565361
895,0.2547202333807945,0.2603682465851307
896,0.25423169545829294,0.26070226207375524
897,0.2536431420594454,0.2606620602309704
898,0.2556876290589571,0.25985764637589454
899,0.25267304852604866,0.2602935805916786
900,0.2522893361747265,0.2595909915864468
901,0.25341910868883133,0.2583599962294102
902,0.25304321460425855,0.25992273092269896
903,0.25343701168894767,0.2591967448592186
904,0.25407094284892084,0.2587534084916115
905,0.2527965545654297,0.25845670625567435
906,0.2535512693226337,0.2576178956776857
907,0.25164465568959715,0.25851877182722094
908,0.2530626282095909,0.2574687976390123
909,0.2521295424550772,0.2573240898549557
910,0.2517882976680994,0.25716068111360074
911,0.2522945564240217,0.2578222520649433
912,0.251956233009696,0.25734401531517503
913,0.250164745002985,0.2566019106656313
914,0.250386330857873,0.25626448951661585
915,0.25011284053325655,0.257676399871707
916,0.25046103484928606,0.2566006302833557
917,0.24849662519991397,0.25609348639845847
918,0.24874507412314414,0.25639820024371146
919,0.24957245513796805,0.2555993340909481
920,0.2477833028882742,0.2559255141764879
921,0.24851662032306193,0.25597328171133993
922,0.24935604855418206,0.2549327421933413
923,0.24998554550111293,0.25447697229683397
924,0.2513927612453699,0.25528339892625806
925,0.24790079668164253,0.2547947894781828
926,0.24749104753136636,0.2549870081245899
927,0.24746448770165444,0.2536503873765469
928,0.2480848465114832,0.25393746308982373
929,0.2488622900098562,0.2545742906630039
930,0.2484738163650036,0.25343061424791813
931,0.24658526107668877,0.2528833672404289
932,0.24685493782162665,0.2527456030249596
933,0.2460808265954256,0.2523458689451218
934,0.24673795513808727,0.25234676487743857
935,0.24441957846283913,0.25231761001050473
936,0.2454376019537449,0.25218857564032077
937,0.24598901383578778,0.2516501508653164
938,0.24791403897106648,0.2520292866975069
939,0.24456086307764052,0.2509834196418524
940,0.2457608599215746,0.25136278085410596
941,0.2442991364747286,0.250753191486001
942,0.2439365301281214,0.2504581656306982
943,0.24442912973463535,0.2510408777743578
944,0.24280215986073017,0.2503901645541191
945,0.24494858123362065,0.2502195131033659
946,0.2443239815533161,0.2498995963484049
947,0.24226367175579072,0.2503529727458954
948,0.24379801005125046,0.25005047135055064
949,0.24353610426187516,0.2498199064284563
950,0.24132985286414624,0.2489433314651251
951,0.24398490153253077,0.24821484088897705
952,0.24320528395473956,0.24807805120944976
953,0.24078666977584362,0.24725797697901725
954,0.2412620909512043,0.2471038717776537
955,0.24028829634189605,0.24769750349223613
956,0.24114099517464638,0.24667215272784232
957,0.23905436806380748,0.24603770412504672
958,0.2389375627040863,0.24594692438840865
959,0.23977223522961139,0.24609430618584155
960,0.238201666995883,0.24495586194097996
961,0.23865900002419949,0.2448850218206644
962,0.23949157111346722,0.24458773881196977
963,0.2382695756852627,0.244439747184515
964,0.23729066140949726,0.244367753341794
965,0.2354928631335497,0.2425658658146858
966,0.2357382096350193,0.242186039686203
967,0.23561808168888093,0.24283410385251045
968,0.23473199792206287,0.24209162555634975
969,0.234437919780612,0.24184884056448935
970,0.2343031767755747,0.241397438198328
971,0.2338151428848505,0.2403985492885113
972,0.23275452926754953,0.24145943075418472
973,0.23295642696321012,0.24109549261629581
974,0.23462322615087033,0.24108959846198558
975,0.23323325850069523,0.24064795300364494
976,0.23142851702868938,0.2403793390840292
977,0.2326155759394169,0.24092757627367972
978,0.23254726715385915,0.23936127349734307
979,0.23153568245470524,0.2392769582569599
980,0.23278313130140305,0.24066893495619296
981,0.23263620249927044,0.23854453414678572
982,0.23293290995061397,0.23920252695679664
983,0.2308253675699234,0.23818851709365846
984,0.23125422075390817,0.23841994106769562
985,0.23017321191728116,0.23915595151484012
986,0.23167251758277416,0.23842502906918525
987,0.2296634804457426,0.23877712152898312
988,0.22940494865179062,0.2375499088317156
989,0.23057132624089718,0.2368308871984482
990,0.22900864519178868,0.23715909235179425
991,0.22875157222151757,0.23661460876464843
992,0.22971341460943223,0.23675288818776608
993,0.22858965583145618,0.23652309216558934
994,0.22871933244168757,0.23598166480660437
995,0.22890148125588894,0.23559922613203527
996,0.22779450751841068,0.23594386614859103
997,0.22801719531416892,0.23488102294504642
998,0.2281779520213604,0.23547468334436417
999,0.2258907288312912,0.2346687510609627
1000,0.2249452333897352,0.2356518991291523
1001,0.2274843905121088,0.23460218422114848
1002,0.22490864284336567,0.2348392479121685
1003,0.22709941901266575,0.23500643335282803
1004,0.22627262584865093,0.23519173711538316
1005,0.2260923232883215,0.23578551337122916
1006,0.22695707269012927,0.23512471728026868
1007,0.22479738425463439,0.2339787632226944
1008,0.22646602150052786,0.23330100998282433
1009,0.2262972742319107,0.23334489800035954
1010,0.22470049280673265,0.23365078158676625
1011,0.22603668197989463,0.2337987966835499
1012,0.22579563055187463,0.2327302047982812
1013,0.22594604939222335,0.2339893661439419
1014,0.22476369887590408,0.23362452089786528
1015,0.22300208881497383,0.2319205541163683
1016,0.22475453671067952,0.23202521465718745
1017,0.22780697382986545,0.2319989290088415
1018,0.22210351303219794,0.23310476057231427
1019,0.22351376451551913,0.23360996767878534
1020,0.22717831283807755,0.23325972110033036
1021,0.22352792751044034,0.2321174807846546
1022,0.22280214950442315,0.23272215034812688
1023,0.2231982123106718,0.23268456645309926
1024,0.22333292849361897,0.23148785792291166
1025,0.2228699978441,0.23189912755042313
1026,0.22406284417957067,0.2317617593333125
1027,0.2251373454928398,0.23053505308926106
1028,0.22221439313143493,0.23033976554870605
1029,0.22196852471679449,0.23058501519262792
1030,0.22225113697350024,0.23081186674535276
1031,0.21968928817659616,0.22972379755228758
1032,0.22433524895459414,0.230150149948895
1033,0.2239589888602495,0.23203621432185173
1034,0.2212022103369236,0.23063155338168145
1035,0.22215423583984376,0.23016466833651067
1036,0.2236546428874135,0.23061315789818765
1037,0.22178549338132142,0.23101104274392129
1038,0.22168431021273136,0.23104199375957252
1039,0.2248233376070857,0.22964144665747882
1040,0.2197679478675127,0.2300814801827073
1041,0.22231866158545016,0.2289580786600709
1042,0.22098548635840415,0.22929520588368177
1043,0.22076800987124442,0.22858844622969626
1044,0.21934728864580394,0.22902317754924298
1045,0.22131808809936046,0.2289224049076438
1046,0.2207747932523489,0.22740425262600183
1047,0.21878109276294708,0.22830336708575488
1048,0.2211987528949976,0.22798639051616193
1049,0.22014770265668632,0.22671408765017986
1050,0.21890558656305076,0.22757737878710033
1051,0.22061712257564067,0.2272480407729745
1052,0.21786439791321754,0.22751325611025094
1053,0.21825122348964215,0.22604723535478116
1054,0.21950551308691502,0.22605919353663922
1055,0.21894488912075757,0.2266674041748047
1056,0.2165918866172433,0.22495326455682516
1057,0.2167499540373683,0.22738338802009822
1058,0.2170609373599291,0.2242141667753458
1059,0.21813702061772347,0.22554419562220573
1060,0.21539048720151185,0.22519824802875518
1061,0.21969848237931727,0.2256460566073656
1062,0.2168852113187313,0.2259688377380371
1063,0.21551716588437558,0.22469361554831266
1064,0.2159082442522049,0.22579549625515938
1065,0.21665931455790996,0.22494171150028705
1066,0.21448473688215017,0.2241826331242919
1067,0.21660153418779374,0.2256707226857543
1068,0.2149986917153001,0.2240549685433507
1069,0.21836372669786214,0.22442920543253422
1070,0.21733626555651425,0.22341931276023388
1071,0.21801955439150333,0.2243765966966748
1072,0.21449872441589832,0.22400625627487897
1073,0.21666749585419892,0.2231342075392604
1074,0.2149575438350439,0.2250523928552866
1075,0.2145183889195323,0.22297963835299014
1076,0.21608643233776093,0.22358918450772763
1077,0.21538008376955986,0.22339202407747508
1078,0.21615018416196108,0.22288601398468016
1079,0.21337345708161592,0.22421350330114365
1080,0.21782712657004594,0.2222192483022809
1081,0.21395645365118982,0.2231188252568245
1082,0.21554005537182092,0.22150899209082126
1083,0.21493162587285042,0.2224116012454033
1084,0.21618238929659128,0.22321405149996282
1085,0.21309288535267115,0.2231257552281022
1086,0.2157382069155574,0.22324459683150052
1087,0.21210004854947329,0.2222249422222376
1088,0.21423318926244975,0.2208537058904767
1089,0.2143295954912901,0.2219454063102603
1090,0.21284029092639684,0.22257195673882962
1091,0.2123649140819907,0.22241553906351327
1092,0.21259513534605504,0.22192497476935386
1093,0.213054714538157,0.22142274677753448
1094,0.2114857604727149,0.22062233034521342
1095,0.21374443210661412,0.22163502108305694
1096,0.21156920865178108,0.22160990294069052
1097,0.21459811516106128,0.22101836632937194
1098,0.21084844879806042,0.22091458179056644
1099,0.2117137284949422,0.22113768849521875
1100,0.21107621509581803,0.22085428517311811
1101,0.21150240916758775,0.22022540140897034
1102,0.21298786103725434,0.2199430286884308
1103,0.21234218552708625,0.22193593624979258
1104,0.21340954750776292,0.21968535333871841
1105,0.21199122443795204,0.2207844503223896
1106,0.21050462648272514,0.2202823344618082
1107,0.21420861762017013,0.21917533185333013
1108,0.20979943480342628,0.21982893329113723
1109,0.2120314294472337,0.2201410062611103
1110,0.21155980676412584,0.21997274849563836
1111,0.21445756834000348,0.22094892654567957
1112,0.2122838120907545,0.22074586655944586
1113,0.2083210051059723,0.21935653313994408
1114,0.20913295447826385,0.2187701927497983
1115,0.21150879971683026,0.2187718629837036
1116,0.2089292412623763,0.21954375468194484
1117,0.21061712726950646,0.21948561631143093
1118,0.2102688355371356,0.21949221901595592
1119,0.21010966263711453,0.21831992976367473
1120,0.21267414838075638,0.21887651029974223
1121,0.20897823832929135,0.21882923040539026
1122,0.21332674622535705,0.217428089492023
1123,0.21056088767945766,0.21871458031237126
1124,0.20924812499433756,0.2187897026538849
1125,0.21103942822664976,0.21906246282160283
1126,0.20885132476687432,0.2189947823062539
1127,0.20820250529795886,0.2185714427381754
1128,0.2067967426031828,0.2165876468643546
1129,0.20874632578343152,0.21726495623588563
1130,0.20998751185834408,0.21744884084910154
1131,0.21064108200371265,0.21871270891278982
1132,0.20714352279901505,0.21959792356938124
1133,0.20786265153437852,0.21777673549950122
1134,0.20728483982384205,0.21724564991891385
1135,0.20885929726064206,0.21642313972115518
1136,0.20982374269515275,0.2173476370051503
1137,0.21088468208909034,0.21770617719739677
1138,0.21104617062956094,0.21719130165874959
1139,0.20690941978245975,0.21871016025543213
1140,0.20781516544520856,0.21655395198613406
1141,0.20552891232073306,0.2163804043084383
1142,0.20512980874627829,0.21662697214633225
1143,0.2101838920265436,0.21530338618904352
1144,0.2068031631410122,0.21676638666540385
1145,0.2066094746813178,0.21370608005672692
1146,0.20730987824499608,0.21632339153438807
1147,0.20692431777715684,0.21580974385142326
1148,0.2058548793196678,0.21479057800024748
1149,0.20738987382501364,0.21606351044028999
1150,0.20634604021906852,0.21619330160319805
1151,0.20720904748886823,0.21602845322340727
1152,0.20773139800876378,0.21533967033028603
1153,0.20816289614886047,0.21527752764523028
1154,0.20436213128268718,0.21493836399167776
1155,0.20532547049224376,0.2147766664624214
1156,0.20568165946751832,0.21435993276536464
1157,0.20677602775394915,0.21425772067159415
1158,0.20687204133719206,0.21474727280437947
1159,0.20649520941078664,0.2130451112985611
1160,0.20368110798299313,0.21461932305246592
1161,0.20557110272347928,0.21443345118314028
1162,0.2047322394326329,0.2138451300561428
1163,0.20424152575433255,0.21406942028552295
1164,0.2053868632763624,0.21518060546368362
1165,0.2045783841982484,0.2131511876359582
1166,0.20491292104125022,0.2141171982511878
1167,0.20541589614003897,0.21424378268420696
1168,0.20625937767326832,0.21361713334918023
1169,0.20629094149917365,0.2141252115368843
1170,0.20643437579274176,0.2137198681011796
1171,0.20406640488654376,0.21338234674185513
1172,0.20371297635138036,0.2137493858113885
1173,0.20564062409102918,0.21381527371704578
1174,0.20343843549489976,0.21297456976026297
1175,0.20760934446007012,0.21279999390244483
1176,0.20636232681572436,0.2134535340592265
1177,0.2035374352708459,0.2133647333830595
1178,0.20389672201126813,0.21257246732711793
1179,0.2045528268441558,0.21158514469861983
1180,0.20158854573965074,0.21301874443888663
1181,0.20600304510444403,0.21207940354943275
1182,0.2040637729689479,0.21272124592214822
1183,0.2043336570262909,0.21265096832066774
1184,0.20511629842221737,0.21204241253435613
1185,0.20370320994406937,0.21300114020705224
1186,0.20477337148040534,0.21244731172919273
1187,0.20308883413672446,0.21421724893152713
1188,0.2023166071623564,0.2134731773287058
1189,0.20428226999938487,0.2114371219649911
1190,0.20541273709386587,0.21194653455168008
1191,0.20264928210526706,0.21124947387725115
1192,0.2034470897167921,0.21234278306365012
1193,0.2016386056318879,0.21184656862169504
1194,0.20386994089931249,0.21206059381365777
1195,0.20382120683789254,0.21122484039515257
1196,0.20387970143929124,0.21108953412622214
1197,0.2031734762713313,0.21009811721742153
1198,0.20283945910632611,0.20962075144052505
1199,0.20507701244205237,0.21074479278177022
1200,0.6759419023990632,0.6890304476022721
1201,0.6425431847572327,0.665311050415039
1202,0.6163648933172226,0.6341092973947525
1203,0.5906701296567917,0.6067743808031082
1204,0.5705148756504059,0.58277787566185
1205,0.5543063804507256,0.564409764111042
1206,0.5406084060668945,0.5488707721233368
1207,0.5277475371956826,0.5351306155323983
1208,0.5166223332285881,0.5237908005714417
1209,0.5083844929933548,0.5132726028561592
1210,0.5006134137511253,0.5048893257975579
1211,0.49530231654644014,0.49825648963451385
1212,0.4907377287745476,0.49309096187353135
1213,0.4872565373778343,0.48783341944217684
1214,0.4835116550326347,0.4844561517238617
1215,0.4814308688044548,0.48203725665807723
1216,0.47912222892045975,0.4794802099466324
1217,0.47614569067955015,0.4765512526035309
1218,0.4743224188685417,0.4750097990036011
1219,0.4728676348924637,0.47255553901195524
1220,0.47100691944360734,0.4712534546852112
1221,0.46986413598060606,0.46951006799936296
1222,0.4681952655315399,0.46861164420843127
1223,0.4669825963675976,0.4663986757397652
1224,0.46549708768725395,0.4659475967288017
1225,0.4644730471074581,0.4649309068918228
1226,0.46395765244960785,0.4637173071503639
1227,0.4627323053777218,0.4625755727291107
1228,0.4613308846950531,0.4616514749825001
1229,0.4600765787065029,0.4606493167579174
1230,0.45885616466403006,0.4593897707760334
1231,0.45844568237662314,0.4584608420729637
1232,0.4573589898645878,0.45754042714834214
1233,0.45591545924544336,0.4558742240071297
1234,0.45580431893467904,0.4556745395064354
1235,0.4546518847346306,0.4546750165522099
1236,0.4540684387087822,0.4542755946516991
1237,0.4531561352312565,0.452719122171402
1238,0.45234297439455984,0.4520233258605003
1239,0.4514238625764847,0.4520493373274803
1240,0.4515060469508171,0.45114032328128817
1241,0.45108808800578115,0.45073092430830003
1242,0.44984685108065603,0.4503758534789085
1243,0.44913655146956444,0.44927472472190855
1244,0.4490624457597733,0.44909228309988974
1245,0.448640002310276,0.4488502822816372
1246,0.44815146625041963,0.4480412796139717
1247,0.44759757071733475,0.4470644280314445
1248,0.44659120589494705,0.44742992147803307
1249,0.44569295942783355,0.44641453474760057
1250,0.44513954445719717,0.445974113047123
1251,0.4450766876339912,0.445129732042551
1252,0.44429873004555703,0.4449366733431816
1253,0.443426501005888,0.44429815635085107
1254,0.4433323673903942,0.44342966079711915
1255,0.44241385236382486,0.4427071675658226
1256,0.4428014762699604,0.4422016993165016
1257,0.441632978618145,0.4417338877916336
1258,0.44108260199427607,0.4412803404033184
1259,0.44010540321469305,0.4406811408698559
1260,0.4399270199239254,0.44029099121689796
1261,0.4396811962127686,0.4392951846122742
1262,0.4386390522122383,0.43961977660655976
1263,0.4380834251642227,0.43841852694749833
1264,0.4371970772743225,0.43784287124872207
1265,0.43712804839015007,0.4370762713253498
1266,0.43659042194485664,0.43686026707291603
1267,0.4359832167625427,0.4363648034632206
1268,0.43516519740223886,0.43587363734841345
1269,0.43491905480623244,0.4355555921792984
1270,0.4345610074698925,0.4353659972548485
1271,0.43384761810302735,0.4344184771180153
1272,0.43332239538431166,0.4342531129717827
1273,0.4329140119254589,0.4336988054215908
1274,0.4333232268691063,0.43365503251552584
1275,0.4319040447473526,0.4330935314297676
1276,0.43141802251338957,0.43305937945842743
1277,0.4313435174524784,0.4315988287329674
1278,0.43060727044939995,0.4312251627445221
1279,0.4301682159304619,0.43100751042366026
1280,0.4299977757036686,0.43068399652838707
1281,0.43023194596171377,0.4306935235857964
1282,0.42974086850881577,0.42943879067897794
1283,0.430415552854538,0.43062215521931646
1284,0.4291434474289417,0.4299647830426693
1285,0.4284092776477337,0.4289725460112095
1286,0.4281554900109768,0.429265595972538
1287,0.4281310185790062,0.429464653134346
1288,0.4284302644431591,0.42858056649565696
1289,0.42798331156373026,0.428191202878952
1290,0.426902724057436,0.4282155118882656
1291,0.42784698605537413,0.4278083756566048
1292,0.4267121948301792,0.426628440618515
1293,0.42627950981259344,0.42685290426015854
1294,0.4261736810207367,0.4267170339822769
1295,0.4264028906822205,0.4268066562712193
1296,0.4261586382985115,0.42603576704859736
1297,0.4253395915031433,0.4262116111814976
1298,0.42600382193923,0.4260790944099426
1299,0.4255197323858738,0.4249507412314415
1300,0.4249149613082409,0.42583156898617747
1301,0.42537169232964517,0.4262957438826561
1302,0.4253642149269581,0.42399815022945403
1303,0.4246662177145481,0.42492357790470126
1304,0.4240243583917618,0.42417804673314097
1305,0.42374997958540916,0.42476638704538344
1306,0.4232790656387806,0.4242034606635571
1307,0.42356403544545174,0.42367531135678294
1308,0.4236531473696232,0.4235738977789879
1309,0.4231502816081047,0.4234912283718586
1310,0.4225064218044281,0.4225535444915295
1311,0.4240494012832642,0.4226688288152218
1312,0.42204742357134817,0.42252259254455565
1313,0.4226476140320301,0.42172778621315954
1314,0.42223646566271783,0.4222638249397278
1315,0.42235704213380815,0.42180303037166594
1316,0.42225906625390053,0.4215106531977654
1317,0.4219973534345627,0.421141716837883
1318,0.42126659378409387,0.42169889286160467
1319,0.4215357519686222,0.420892670750618
1320,0.42237168699502947,0.42125813066959383
1321,0.42157201170921327,0.42125793620944024
1322,0.4218119241297245,0.42089030593633653
1323,0.420842806994915,0.4211836963891983
1324,0.4215960778295994,0.4206733345985413
1325,0.4205313377082348,0.4201892301440239
1326,0.41981292217969896,0.420820315182209
1327,0.4204250559210777,0.41971164047718046
1328,0.4199711598455906,0.41974516287446023
1329,0.4194105125963688,0.41900591403245924
1330,0.4196924053132534,0.41938093304634094
1331,0.42032475471496583,0.41996907964348795
1332,0.4195961907505989,0.41970526054501534
1333,0.41996116265654565,0.419090835750103
1334,0.41961041614413264,0.41915507689118386
1335,0.41873482540249823,0.4192616671323776
1336,0.4190757818520069,0.41846743449568746
1337,0.41844739466905595,0.41825461462140084
1338,0.4174883604049683,0.41742524355649946
1339,0.4185589484870434,0.4176422119140625
1340,0.4178657494485378,0.418713840842247
1341,0.4174012765288353,0.4181870616972446
1342,0.41754331439733505,0.4177652604877949
1343,0.41920124292373656,0.4184443846344948
1344,0.4175293430685997,0.417185577750206
1345,0.4168688848614693,0.4164904825389385
1346,0.4158946223556995,0.41676862090826033
1347,0.4174800507724285,0.41701554134488106
1348,0.41626023650169375,0.41595486253499986
1349,0.4169722467660904,0.41607246100902556
1350,0.4154642827808857,0.4157190531492233
1351,0.4161130115389824,0.417056480795145
1352,0.41680511012673377,0.41580832228064535
1353,0.4161400757730007,0.41635310649871826
1354,0.4151071526110172,0.4162812814116478
1355,0.4150132954120636,0.4162544056773186
1356,0.4147130660712719,0.4155866168439388
1357,0.41516284421086314,0.4146873876452446
1358,0.41548574566841123,0.41517626494169235
1359,0.41415660083293915,0.4151457890868187
1360,0.4148976393043995,0.41455522999167443
1361,0.4145295284688473,0.41481075510382653
1362,0.41402054131031035,0.41441951543092725
1363,0.41426362916827203,0.4143164105713367
1364,0.4130445756018162,0.4136779598891735
1365,0.4134653568267822,0.413057167083025
1366,0.4139549255371094,0.4132796786725521
1367,0.4129945822060108,0.4131710663437843
1368,0.41301507540047167,0.4126387633383274
1369,0.4122104711830616,0.41293955221772194
1370,0.4133616637438536,0.4121981255710125
1371,0.4124975584447384,0.4132906891405582
1372,0.4134889878332615,0.41218874901533126
1373,0.41303190849721433,0.41269938796758654
1374,0.41153962947428224,0.41229440793395045
1375,0.4119128752499819,0.412421153485775
1376,0.41159572899341584,0.41269433349370954
1377,0.41309735663235186,0.4120197094976902
1378,0.4121491082012653,0.41146921291947364
1379,0.4116640482097864,0.41121226996183396
1380,0.4115383934229612,0.41033713333308697
1381,0.4113032978028059,0.4118421070277691
1382,0.4116913415491581,0.4111016526818275
1383,0.4101900763809681,0.4113232843577862
1384,0.41062447614967823,0.4104126289486885
1385,0.412346537783742,0.41123283952474593
1386,0.41153042055666444,0.410267386585474
1387,0.41080028638243676,0.41123859249055383
1388,0.41033346243202684,0.4114105809479952
1389,0.4099575635045767,0.4095820467919111
1390,0.41046889796853064,0.4097288023680449
1391,0.4094011139124632,0.4096590343862772
1392,0.41102438382804396,0.41069548912346365
1393,0.41143524684011934,0.4098194144666195
1394,0.40971764996647836,0.4098115421831608
1395,0.40941731818020344,0.4096613246947527
1396,0.4111028753221035,0.4099802315235138
1397,0.40974153354763987,0.40983499921858313
1398,0.4095753375440836,0.41020332351326944
1399,0.4092225108295679,0.40939477905631066
1400,0.40876315496861937,0.4093467313796282
1401,0.40810786709189417,0.408847414329648
1402,0.40878451950848105,0.4083066739141941
1403,0.40845842435956004,0.4082290332764387
1404,0.40916440524160863,0.4084317874163389
1405,0.40784929431974887,0.4083742521703243
1406,0.4080697692930698,0.40831300653517244
1407,0.40961631014943123,0.40817772075533865
1408,0.40794665068387986,0.40826516672968866
1409,0.40810471437871454,0.4086967144161463
1410,0.4086301553994417,0.40736246965825557
1411,0.40850213542580605,0.4079600661993027
1412,0.4082537654787302,0.4071416135877371
1413,0.4072760798037052,0.4074748534709215
1414,0.4078830376267433,0.40783606208860873
1415,0.4072867762297392,0.40793444886803626
1416,0.4065091636031866,0.4075083449482918
1417,0.4074656318873167,0.40780126117169857
1418,0.4064948346465826,0.40768011659383774
1419,0.4057848140597343,0.4071595143526793
1420,0.40678367763757706,0.4065700016915798
1421,0.40679028294980524,0.4072022583335638
1422,0.40616255458444356,0.406492929533124
1423,0.40662791877985,0.40629774890840054
1424,0.4056825261563063,0.4066136911511421
1425,0.4064005298539996,0.4064637407660484
1426,0.40576811973005533,0.40604018680751325
1427,0.40627516619861126,0.40639350600540636
1428,0.405875625833869,0.4068326555192471
1429,0.4055934682488441,0.4065046191215515
1430,0.4056662978604436,0.4063267271965742
1431,0.4055301705375314,0.4073033344000578
1432,0.4057476883754134,0.40571449398994447
1433,0.4059711653739214,0.40651398450136184
1434,0.4043401800096035,0.4064617957919836
1435,0.40507521722465756,0.40553317964076996
1436,0.4067354317754507,0.4061833392828703
1437,0.40520915053784845,0.4051835160702467
1438,0.404939585365355,0.40482132807374
1439,0.4045339247211814,0.4059191279113293
1440,0.4053552081808448,0.4042293131351471
1441,0.4039727641269565,0.40499518923461436
1442,0.4054032523185015,0.4055159244686365
1443,0.40490314532071353,0.40699019841849804
1444,0.4040684537962079,0.40512572377920153
1445,0.40456292387098075,0.40459450520575047
1446,0.40426315255463124,0.404344217479229
1447,0.40405791290104387,0.4050184410065413
1448,0.40434398613870143,0.40431372448801994
1449,0.4044692488387227,0.4047483276575804
1450,0.40569306407123806,0.40443306863307954
1451,0.40610314179211854,0.40490047000348567
1452,0.40478793121874335,0.4054614894092083
1453,0.40548318065702915,0.4052162427455187
1454,0.40426908656954763,0.404358384013176
1455,0.4034786459058523,0.4051489543169737
1456,0.40466080997139214,0.4045450255274773
1457,0.4037263385951519,0.4046780180186033
1458,0.4036161722615361,0.4042047567665577
1459,0.40376093089580534,0.4040132235735655
1460,0.4036481022834778,0.4036829836666584
1461,0.4036986296996474,0.4038408759981394
1462,0.4033355189487338,0.40332387760281563
1463,0.402516065351665,0.40338557921350005
1464,0.4043687622994184,0.40360613018274305
1465,0.402851983346045,0.4036227811127901
1466,0.40474807042628524,0.4033020906150341
1467,0.4026921624317765,0.40368005633354187
1468,0.40289996061474087,0.40311487652361394
1469,0.4020325742661953,0.40306293554604056
1470,0.4032840495929122,0.40352688506245615
1471,0.4030184047296643,0.40334361866116525
1472,0.4029916889965534,0.4027557484805584
1473,0.4021898671984673,0.4025415498763323
1474,0.4029462611302733,0.40261483900249007
1475,0.404388989508152,0.40319946967065334
1476,0.4032673226669431,0.40339938960969446
1477,0.40206563770771026,0.40274920836091044
1478,0.401297895796597,0.40261057391762733
1479,0.40142908729612825,0.4026578437536955
1480,0.4014649081975222,0.40249900445342063
1481,0.4010497136041522,0.4029554661363363
1482,0.4020676616579294,0.401975916326046
1483,0.40114984586834906,0.4017175018787384
1484,0.4025514444336295,0.40261256471276285
1485,0.40177831444889306,0.4021952774375677
1486,0.40102054439485074,0.40181846991181375
1487,0.40004081800580027,0.40227309204638007
1488,0.40221067145466805,0.40194036848843095
1489,0.4015208687633276,0.40184719786047934
1490,0.4022820759564638,0.40189575888216494
1491,0.40036230981349946,0.4013410322368145
1492,0.40145627949386836,0.401322977989912
1493,0.4010740166530013,0.4013181336224079
1494,0.40161153078079226,0.40151908434927464
1495,0.40186502374708655,0.40154764130711557
1496,0.40192831251770256,0.4014749903231859
1497,0.4006741866469383,0.4014616873115301
1498,0.4000989720225334,0.401138423755765
1499,0.40011806450784204,0.40172348245978357
1500,0.39961740709841254,0.40160061344504355
1501,0.3999058585613966,0.40153129808604715
1502,0.4008412558585405,0.4011139929294586
1503,0.4002260258421302,0.40160024873912337
1504,0.4006824744865298,0.40105677023530006
1505,0.3993122635409236,0.40094600766897204
1506,0.4003963563591242,0.4008640319108963
1507,0.3994889883324504,0.3999780025333166
1508,0.39947668816894294,0.40140533708035947
1509,0.40024882517755034,0.40029789302498103
1510,0.4010338356718421,0.40146694853901865
1511,0.3988847842440009,0.4003311760723591
1512,0.40143450926989316,0.4004101075232029
1513,0.39999480210244653,0.4002470664680004
1514,0.3990583673119545,0.40005987137556076
1515,0.3996993286535144,0.39972709212452173
1516,0.3991068759933114,0.4003944184631109
1517,0.3987119521945715,0.39949950724840166
1518,0.3984640443697572,0.40060367099940775
1519,0.39945310913026333,0.40012106373906137
1520,0.3987729844637215,0.4011029787361622
1521,0.39889476280659436,0.40033646039664744
1522,0.3986388834193349,0.3990079270675778
1523,0.39871799629181626,0.39906148687005044
1524,0.3993600528687239,0.399107576161623
1525,0.39858745988458394,0.3993612388148904
1526,0.3987297433428466,0.4003283277153969
1527,0.39933245331048967,0.40045617502182723
1528,0.3980844974517822,0.39976347610354424
1529,0.3983882827684283,0.39985228050500154
1530,0.3985205665230751,0.39931847210973503
1531,0.3990257516503334,0.39899998884648086
1532,0.39963405691087245,0.39951826352626085
1533,0.3991810780018568,0.4006176348775625
1534,0.3977123240940273,0.398573892749846
1535,0.3978544340468943,0.39989565331488847
1536,0.3998297493904829,0.3991702049970627
1537,0.39695038748905065,0.39828499089926483
1538,0.3981363451108336,0.3982066446915269
1539,0.3996850882656872,0.39926482886075976
1540,0.39822868444025517,0.40073562432080506
1541,0.39770815065130594,0.39904121179133656
1542,0.39729287214577197,0.39786908254027364
1543,0.39759735614061353,0.39792163763195276
1544,0.3978196443989873,0.3981929985806346
1545,0.39774229750037193,0.3984456919133663
1546,0.39729663319885733,0.398499939404428
1547,0.39756362354382874,0.3981023387983441
1548,0.397197649627924,0.3993383595719934
1549,0.3972035897895694,0.39820404145866634
1550,0.39738616775721314,0.3987016724422574
1551,0.39756177421659233,0.3989382853731513
1552,0.39761326713487505,0.397689881362021
1553,0.3970962204039097,0.39784107748419045
1554,0.39770104773342607,0.39869844261556864
1555,0.3968194955959916,0.3993042420595884
1556,0.3977977802976966,0.39783632624894383
1557,0.39714587293565273,0.3984602879732847
1558,0.3970893220975995,0.39820228684693576
1559,0.39691373240202665,0.3983419543132186
1560,0.3968174018897116,0.39816900826990603
1561,0.39900535447523,0.3995805103331804
1562,0.39770806236192585,0.3988218743354082
1563,0.39844814045354726,0.39754010625183583
1564,0.3986929813399911,0.39740326572209594
1565,0.39677429804578424,0.39817096330225465
1566,0.3970010792836547,0.39747395645827055
1567,0.3966125534847379,0.39870562609285115
1568,0.39869376420974734,0.39794609006494286
1569,0.39790851110592484,0.39764148723334075
1570,0.39780085235834123,0.3986749308183789
1571,0.3981098510324955,0.39730257298797367
1572,0.3987871214747429,0.39779602363705635
1573,0.3980124881491065,0.3967110877856612
1574,0.3969329323619604,0.39782966803759334
1575,0.3969505856744945,0.3971596956253052
1576,0.39693869957700373,0.39761217329651116
1577,0.396720621176064,0.3965169308707118
1578,0.39608902065083385,0.39754361361265184
1579,0.39709924114868045,0.39754729252308607
1580,0.3979891951195896,0.39746232219040395
1581,0.39975479487329724,0.3976323839277029
1582,0.39651400707662104,0.3974755257368088
1583,0.39632870806381104,0.3977190827950835
1584,0.39718914963304996,0.39727668184787035
1585,0.39697231696918606,0.3966876234859228
1586,0.3972296940162778,0.3971837289631367
1587,0.396329830866307,0.39654943309724333
1588,0.39758624956011773,0.39771722853183744
1589,0.39682917688041924,0.39737924840301275
1590,0.3958605781197548,0.3982001369819045
1591,0.39762981375679374,0.3963262189179659
1592,0.39668272733688353,0.3973231568932533
1593,0.3981365017592907,0.3971969082951546
1594,0.39603492319583894,0.3972469884902239
1595,0.39636975042521955,0.39610078036785124
1596,0.39518922977149484,0.3971239265054464
1597,0.39779940266162156,0.39737915229052306
1598,0.3954223657026887,0.3968105040490627
1599,0.3975078988820314,0.39703056383877994
